image,severity,cost,make,model,year,type
1150.jpeg,severe,200000,Honda,City,2020,Sedan
1293.jpeg,severe,200000,Hyundai,Verna,2009,Sedan
1426.jpeg,severe,200000,Toyota,Innova,2010,MUV
15.jpeg,severe,200000,Toyota,Camry,2017,Sedan
273.jpeg,severe,200000,Hyundai,Creta,2009,SUV
362.jpeg,severe,200000,Hyundai,Verna,2010,Sedan
515.jpeg,severe,200000,Toyota,Innova,2005,MUV
619.jpeg,severe,200000,Toyota,Corolla,2024,Sedan
794.jpeg,severe,200000,Toyota,Corolla,2014,Sedan
1031.jpeg,severe,200000,Toyota,Camry,2010,Sedan
1159.jpeg,severe,200000,Honda,Jazz,2015,Hatchback
1296.jpeg,severe,200000,Mahindra,XUV300,2007,SUV
1428.jpeg,severe,200000,Toyota,Camry,2015,Sedan
160.jpeg,severe,200000,Maruti,Swift,2007,Hatchback
278.jpeg,severe,200000,Honda,City,2008,Sedan
383.jpeg,severe,200000,Toyota,Corolla,2015,Sedan
523.jpeg,severe,200000,Maruti,Brezza,2011,SUV
61.jpeg,severe,200000,Mahindra,XUV300,2012,SUV
7.jpeg,severe,200000,Hyundai,i20,2025,Hatchback
1051.jpeg,severe,200000,Mahindra,Scorpio,2023,SUV
1188.jpeg,severe,200000,Mahindra,XUV500,2023,SUV
1319.jpeg,severe,200000,Hyundai,Verna,2008,Sedan
1440.jpeg,severe,200000,Maruti,Baleno,2009,Hatchback
162.jpeg,severe,200000,Toyota,Camry,2024,Sedan
287.jpeg,severe,200000,Tata,Harrier,2018,SUV
391.jpeg,severe,200000,Hyundai,Verna,2021,Sedan
534.jpeg,severe,200000,Toyota,Innova,2011,MUV
62.jpeg,severe,200000,Tata,Harrier,2007,SUV
820.jpeg,severe,200000,Toyota,Innova,2010,MUV
1061.jpeg,severe,200000,Maruti,Brezza,2024,SUV
118.jpeg,severe,200000,Maruti,Baleno,2006,Hatchback
131.jpeg,severe,200000,Tata,Altroz,2019,Hatchback
1441.jpeg,severe,200000,Mahindra,XUV500,2013,SUV
176.jpeg,severe,200000,Mahindra,XUV300,2010,SUV
293.jpeg,severe,200000,Honda,Amaze,2013,Sedan
399.jpeg,severe,200000,Mahindra,XUV500,2010,SUV
53.jpeg,severe,200000,Mahindra,XUV300,2025,SUV
632.jpeg,severe,200000,Mahindra,XUV500,2007,SUV
82.jpeg,severe,200000,Toyota,Camry,2011,Sedan
1071.jpeg,severe,200000,Toyota,Camry,2018,Sedan
1197.jpeg,severe,200000,Toyota,Corolla,2007,Sedan
1344.jpeg,severe,200000,Maruti,Swift,2018,Hatchback
1455.jpeg,severe,200000,Tata,Nexon,2023,SUV
177.jpeg,severe,200000,Mahindra,XUV300,2018,SUV
294.jpeg,severe,200000,Hyundai,Verna,2012,Sedan
39.jpeg,severe,200000,Hyundai,Creta,2016,SUV
541.jpeg,severe,200000,Tata,Harrier,2010,SUV
637.jpeg,severe,200000,Tata,Altroz,2025,Hatchback
839.jpeg,severe,200000,Toyota,Corolla,2009,Sedan
1077.jpeg,severe,200000,Honda,Jazz,2018,Hatchback
1206.jpeg,severe,200000,Maruti,Swift,2006,Hatchback
1354.jpeg,severe,200000,Toyota,Innova,2010,MUV
1456.jpeg,severe,200000,Maruti,Brezza,2017,SUV
194.jpeg,severe,200000,Mahindra,Scorpio,2010,SUV
297.jpeg,severe,200000,Honda,Jazz,2015,Hatchback
40.jpeg,severe,200000,Tata,Altroz,2022,Hatchback
542.jpeg,severe,200000,Honda,Jazz,2007,Hatchback
646.jpeg,severe,200000,Honda,Jazz,2007,Hatchback
864.jpeg,severe,200000,Toyota,Camry,2008,Sedan
1098.jpeg,severe,200000,Tata,Altroz,2006,Hatchback
120.jpeg,severe,200000,Mahindra,Scorpio,2020,SUV
1357.jpeg,severe,200000,Tata,Altroz,2005,Hatchback
1461.jpeg,severe,200000,Toyota,Innova,2023,MUV
19.jpeg,severe,200000,Hyundai,i20,2017,Hatchback
298.jpeg,severe,200000,Hyundai,Verna,2020,Sedan
412.jpeg,severe,200000,Maruti,Baleno,2024,Hatchback
549.jpeg,severe,200000,Mahindra,XUV300,2008,SUV
671.jpeg,severe,200000,Tata,Nexon,2011,SUV
878.jpeg,severe,200000,Toyota,Camry,2016,Sedan
1105.jpeg,severe,200000,Hyundai,Verna,2018,Sedan
1210.jpeg,severe,200000,Honda,Amaze,2022,Sedan
1361.jpeg,severe,200000,Maruti,Brezza,2011,SUV
1470.jpeg,severe,200000,Tata,Harrier,2023,SUV
216.jpeg,severe,200000,Mahindra,XUV300,2017,SUV
313.jpeg,severe,200000,Tata,Nexon,2014,SUV
416.jpeg,severe,200000,Mahindra,Scorpio,2013,SUV
553.jpeg,severe,200000,Hyundai,Creta,2018,SUV
689.jpeg,severe,200000,Hyundai,i20,2022,Hatchback
917.jpeg,severe,200000,Maruti,Baleno,2009,Hatchback
1108.jpeg,severe,200000,Maruti,Swift,2016,Hatchback
1218.jpeg,severe,200000,Honda,Jazz,2015,Hatchback
1363.jpeg,severe,200000,Mahindra,Scorpio,2005,SUV
1480.jpeg,severe,200000,Mahindra,XUV500,2018,SUV
227.jpeg,severe,200000,Honda,Jazz,2009,Hatchback
315.jpeg,severe,200000,Maruti,Brezza,2023,SUV
432.jpeg,severe,200000,Mahindra,XUV300,2011,SUV
557.jpeg,severe,200000,Toyota,Corolla,2014,Sedan
69.jpeg,severe,200000,Mahindra,Scorpio,2023,SUV
919.jpeg,severe,200000,Toyota,Corolla,2020,Sedan
1121.jpeg,severe,200000,Toyota,Innova,2021,MUV
1236.jpeg,severe,200000,Honda,Amaze,2021,Sedan
1382.jpeg,severe,200000,Maruti,Swift,2007,Hatchback
1483.jpeg,severe,200000,Toyota,Innova,2023,MUV
231.jpeg,severe,200000,Honda,Amaze,2005,Sedan
31.jpeg,severe,200000,Toyota,Innova,2016,MUV
433.jpeg,severe,200000,Toyota,Camry,2022,Sedan
563.jpeg,severe,200000,Toyota,Corolla,2006,Sedan
705.jpeg,severe,200000,Mahindra,XUV300,2025,SUV
922.jpeg,severe,200000,Hyundai,i20,2023,Hatchback
1124.jpeg,severe,200000,Maruti,Brezza,2024,SUV
1237.jpeg,severe,200000,Tata,Nexon,2022,SUV
1383.jpeg,severe,200000,Mahindra,XUV500,2009,SUV
1486.jpeg,severe,200000,Toyota,Camry,2009,Sedan
242.jpeg,severe,200000,Hyundai,Verna,2021,Sedan
322.jpeg,severe,200000,Mahindra,Scorpio,2014,SUV
440.jpeg,severe,200000,Hyundai,Verna,2009,Sedan
567.jpeg,severe,200000,Hyundai,Verna,2017,Sedan
738.jpeg,severe,200000,Honda,Jazz,2014,Hatchback
938.jpeg,severe,200000,Mahindra,Scorpio,2011,SUV
1126.jpeg,severe,200000,Hyundai,Creta,2005,SUV
1265.jpeg,severe,200000,Hyundai,Creta,2013,SUV
1387.jpeg,severe,200000,Maruti,Baleno,2008,Hatchback
1489.jpeg,severe,200000,Toyota,Corolla,2011,Sedan
251.jpeg,severe,200000,Mahindra,Scorpio,2008,SUV
330.jpeg,severe,200000,Maruti,Baleno,2006,Hatchback
447.jpeg,severe,200000,Mahindra,XUV300,2010,SUV
583.jpeg,severe,200000,Tata,Harrier,2025,SUV
744.jpeg,severe,200000,Mahindra,XUV500,2025,SUV
94.jpeg,severe,200000,Mahindra,XUV500,2006,SUV
1142.jpeg,severe,200000,Hyundai,i20,2010,Hatchback
1268.jpeg,severe,200000,Mahindra,Scorpio,2017,SUV
1398.jpeg,severe,200000,Honda,City,2013,Sedan
1494.jpeg,severe,200000,Honda,Jazz,2010,Hatchback
255.jpeg,severe,200000,Honda,City,2006,Sedan
339.jpeg,severe,200000,Toyota,Innova,2012,MUV
495.jpeg,severe,200000,Tata,Nexon,2013,SUV
59.jpeg,severe,200000,Mahindra,XUV500,2008,SUV
74.jpeg,severe,200000,Honda,Jazz,2022,Hatchback
96.jpeg,severe,200000,Tata,Nexon,2009,SUV
1143.jpeg,severe,200000,Toyota,Corolla,2024,Sedan
1288.jpeg,severe,200000,Toyota,Corolla,2008,Sedan
1403.jpeg,severe,200000,Hyundai,i20,2018,Hatchback
154.jpeg,severe,200000,Mahindra,XUV300,2016,SUV
257.jpeg,severe,200000,Maruti,Baleno,2024,Hatchback
33.jpeg,severe,200000,Toyota,Camry,2009,Sedan
503.jpeg,severe,200000,Tata,Harrier,2020,SUV
5.jpeg,severe,200000,Hyundai,Verna,2024,Sedan
77.jpeg,severe,200000,Mahindra,XUV500,2006,SUV
994.jpeg,severe,200000,Maruti,Brezza,2012,SUV
114.jpeg,severe,200000,Toyota,Corolla,2023,Sedan
128.jpeg,severe,200000,Hyundai,Creta,2017,SUV
1423.jpeg,severe,200000,Toyota,Corolla,2009,Sedan
157.jpeg,severe,200000,Maruti,Brezza,2012,SUV
271.jpeg,severe,200000,Honda,City,2018,Sedan
344.jpeg,severe,200000,Mahindra,Scorpio,2011,SUV
505.jpeg,severe,200000,Toyota,Innova,2010,MUV
602.jpeg,severe,200000,Mahindra,XUV500,2013,SUV
791.jpeg,severe,200000,Mahindra,Scorpio,2010,SUV
9.jpeg,severe,200000,Tata,Harrier,2014,SUV
1007.jpeg,moderate,75000,Hyundai,Creta,2020,SUV
1075.jpeg,moderate,75000,Hyundai,Verna,2010,Sedan
1123.jpeg,moderate,75000,Honda,Jazz,2019,Hatchback
1250.jpeg,moderate,75000,Hyundai,i20,2017,Hatchback
1345.jpeg,moderate,75000,Maruti,Swift,2005,Hatchback
1439.jpeg,moderate,75000,Toyota,Corolla,2020,Sedan
164.jpeg,moderate,75000,Honda,City,2017,Sedan
253.jpeg,moderate,75000,Tata,Nexon,2018,SUV
350.jpeg,moderate,75000,Maruti,Baleno,2020,Hatchback
455.jpeg,moderate,75000,Maruti,Brezza,2014,SUV
493.jpeg,moderate,75000,Honda,Jazz,2012,Hatchback
577.jpeg,moderate,75000,Maruti,Brezza,2025,SUV
652.jpeg,moderate,75000,Toyota,Camry,2010,Sedan
699.jpeg,moderate,75000,Honda,Jazz,2017,Hatchback
754.jpeg,moderate,75000,Mahindra,XUV300,2018,SUV
821.jpeg,moderate,75000,Mahindra,XUV300,2018,SUV
892.jpeg,moderate,75000,Maruti,Swift,2016,Hatchback
1010.jpeg,moderate,75000,Hyundai,i20,2024,Hatchback
1081.jpeg,moderate,75000,Honda,City,2010,Sedan
1135.jpeg,moderate,75000,Tata,Harrier,2016,SUV
1253.jpeg,moderate,75000,Honda,Amaze,2019,Sedan
1347.jpeg,moderate,75000,Honda,Amaze,2006,Sedan
1447.jpeg,moderate,75000,Hyundai,Verna,2016,Sedan
165.jpeg,moderate,75000,Maruti,Baleno,2013,Hatchback
256.jpeg,moderate,75000,Honda,Amaze,2024,Sedan
363.jpeg,moderate,75000,Mahindra,XUV300,2025,SUV
456.jpeg,moderate,75000,Hyundai,i20,2025,Hatchback
497.jpeg,moderate,75000,Maruti,Swift,2013,Hatchback
579.jpeg,moderate,75000,Honda,Jazz,2021,Hatchback
655.jpeg,moderate,75000,Maruti,Brezza,2019,SUV
703.jpeg,moderate,75000,Toyota,Innova,2018,MUV
761.jpeg,moderate,75000,Mahindra,Scorpio,2024,SUV
830.jpeg,moderate,75000,Tata,Nexon,2006,SUV
914.jpeg,moderate,75000,Maruti,Baleno,2009,Hatchback
1013.jpeg,moderate,75000,Maruti,Brezza,2021,SUV
1089.jpeg,moderate,75000,Tata,Altroz,2010,Hatchback
1138.jpeg,moderate,75000,Mahindra,Scorpio,2015,SUV
1261.jpeg,moderate,75000,Toyota,Camry,2021,Sedan
1353.jpeg,moderate,75000,Mahindra,Scorpio,2021,SUV
1451.jpeg,moderate,75000,Toyota,Corolla,2016,Sedan
166.jpeg,moderate,75000,Hyundai,Creta,2006,SUV
259.jpeg,moderate,75000,Honda,City,2016,Sedan
365.jpeg,moderate,75000,Mahindra,XUV300,2017,SUV
460.jpeg,moderate,75000,Honda,Amaze,2007,Sedan
498.jpeg,moderate,75000,Tata,Harrier,2025,SUV
582.jpeg,moderate,75000,Hyundai,Verna,2014,Sedan
659.jpeg,moderate,75000,Toyota,Innova,2012,MUV
711.jpeg,moderate,75000,Toyota,Corolla,2005,Sedan
762.jpeg,moderate,75000,Toyota,Corolla,2006,Sedan
835.jpeg,moderate,75000,Maruti,Baleno,2025,Hatchback
916.jpeg,moderate,75000,Honda,Amaze,2022,Sedan
1017.jpeg,moderate,75000,Hyundai,i20,2008,Hatchback
108.jpeg,moderate,75000,Mahindra,XUV500,2023,SUV
1156.jpeg,moderate,75000,Honda,Jazz,2013,Hatchback
1263.jpeg,moderate,75000,Mahindra,XUV500,2014,SUV
1359.jpeg,moderate,75000,Toyota,Innova,2017,MUV
1458.jpeg,moderate,75000,Mahindra,XUV300,2017,SUV
16.jpeg,moderate,75000,Honda,City,2013,Sedan
286.jpeg,moderate,75000,Honda,City,2020,Sedan
368.jpeg,moderate,75000,Mahindra,XUV300,2006,SUV
466.jpeg,moderate,75000,Mahindra,Scorpio,2012,SUV
49.jpeg,moderate,75000,Hyundai,Verna,2014,Sedan
58.jpeg,moderate,75000,Hyundai,i20,2011,Hatchback
666.jpeg,moderate,75000,Mahindra,XUV500,2023,SUV
712.jpeg,moderate,75000,Maruti,Swift,2019,Hatchback
767.jpeg,moderate,75000,Maruti,Baleno,2025,Hatchback
838.jpeg,moderate,75000,Honda,City,2007,Sedan
930.jpeg,moderate,75000,Tata,Altroz,2010,Hatchback
1020.jpeg,moderate,75000,Hyundai,Verna,2015,Sedan
1090.jpeg,moderate,75000,Tata,Altroz,2006,Hatchback
1163.jpeg,moderate,75000,Hyundai,Verna,2018,Sedan
1274.jpeg,moderate,75000,Hyundai,Creta,2006,SUV
1365.jpeg,moderate,75000,Honda,City,2008,Sedan
1459.jpeg,moderate,75000,Toyota,Innova,2012,MUV
17.jpeg,moderate,75000,Toyota,Camry,2017,Sedan
290.jpeg,moderate,75000,Maruti,Brezza,2012,SUV
378.jpeg,moderate,75000,Toyota,Camry,2025,Sedan
467.jpeg,moderate,75000,Hyundai,i20,2014,Hatchback
50.jpeg,moderate,75000,Hyundai,Verna,2021,Sedan
590.jpeg,moderate,75000,Hyundai,Creta,2023,SUV
667.jpeg,moderate,75000,Tata,Nexon,2011,SUV
713.jpeg,moderate,75000,Maruti,Baleno,2014,Hatchback
768.jpeg,moderate,75000,Hyundai,Creta,2015,SUV
842.jpeg,moderate,75000,Hyundai,i20,2017,Hatchback
935.jpeg,moderate,75000,Mahindra,Scorpio,2006,SUV
1026.jpeg,moderate,75000,Maruti,Baleno,2006,Hatchback
109.jpeg,moderate,75000,Hyundai,i20,2009,Hatchback
1166.jpeg,moderate,75000,Mahindra,Scorpio,2011,SUV
1276.jpeg,moderate,75000,Honda,Amaze,2009,Sedan
1377.jpeg,moderate,75000,Hyundai,Creta,2007,SUV
1464.jpeg,moderate,75000,Tata,Altroz,2006,Hatchback
185.jpeg,moderate,75000,Mahindra,XUV500,2005,SUV
302.jpeg,moderate,75000,Toyota,Corolla,2024,Sedan
400.jpeg,moderate,75000,Tata,Harrier,2013,SUV
46.jpeg,moderate,75000,Maruti,Swift,2018,Hatchback
526.jpeg,moderate,75000,Mahindra,Scorpio,2016,SUV
594.jpeg,moderate,75000,Hyundai,Creta,2007,SUV
675.jpeg,moderate,75000,Honda,City,2021,Sedan
719.jpeg,moderate,75000,Hyundai,i20,2020,Hatchback
769.jpeg,moderate,75000,Honda,City,2008,Sedan
849.jpeg,moderate,75000,Hyundai,i20,2019,Hatchback
940.jpeg,moderate,75000,Honda,Jazz,2011,Hatchback
1032.jpeg,moderate,75000,Hyundai,Verna,2011,Sedan
1101.jpeg,moderate,75000,Toyota,Innova,2016,MUV
1173.jpeg,moderate,75000,Hyundai,i20,2008,Hatchback
1284.jpeg,moderate,75000,Hyundai,Creta,2005,SUV
1386.jpeg,moderate,75000,Tata,Nexon,2012,SUV
1473.jpeg,moderate,75000,Tata,Harrier,2024,SUV
186.jpeg,moderate,75000,Honda,City,2007,Sedan
305.jpeg,moderate,75000,Mahindra,XUV300,2005,SUV
403.jpeg,moderate,75000,Honda,City,2009,Sedan
476.jpeg,moderate,75000,Toyota,Corolla,2024,Sedan
546.jpeg,moderate,75000,Hyundai,i20,2012,Hatchback
601.jpeg,moderate,75000,Honda,City,2023,Sedan
678.jpeg,moderate,75000,Honda,City,2011,Sedan
720.jpeg,moderate,75000,Honda,Jazz,2010,Hatchback
782.jpeg,moderate,75000,Tata,Harrier,2010,SUV
858.jpeg,moderate,75000,Maruti,Baleno,2010,Hatchback
962.jpeg,moderate,75000,Maruti,Baleno,2009,Hatchback
1039.jpeg,moderate,75000,Tata,Nexon,2006,SUV
1103.jpeg,moderate,75000,Mahindra,XUV500,2018,SUV
117.jpeg,moderate,75000,Toyota,Innova,2015,MUV
1289.jpeg,moderate,75000,Mahindra,XUV500,2023,SUV
1389.jpeg,moderate,75000,Mahindra,Scorpio,2008,SUV
1479.jpeg,moderate,75000,Honda,Jazz,2019,Hatchback
187.jpeg,moderate,75000,Mahindra,XUV500,2019,SUV
307.jpeg,moderate,75000,Toyota,Corolla,2023,Sedan
406.jpeg,moderate,75000,Maruti,Baleno,2016,Hatchback
479.jpeg,moderate,75000,Honda,City,2009,Sedan
552.jpeg,moderate,75000,Mahindra,Scorpio,2007,SUV
603.jpeg,moderate,75000,Mahindra,XUV500,2018,SUV
67.jpeg,moderate,75000,Toyota,Corolla,2006,Sedan
721.jpeg,moderate,75000,Maruti,Swift,2021,Hatchback
78.jpeg,moderate,75000,Toyota,Camry,2022,Sedan
859.jpeg,moderate,75000,Mahindra,XUV500,2025,SUV
972.jpeg,moderate,75000,Tata,Nexon,2006,SUV
103.jpeg,moderate,75000,Mahindra,Scorpio,2012,SUV
1107.jpeg,moderate,75000,Hyundai,Verna,2018,Sedan
1189.jpeg,moderate,75000,Maruti,Swift,2022,Hatchback
12.jpeg,moderate,75000,Mahindra,XUV500,2008,SUV
1394.jpeg,moderate,75000,Mahindra,XUV500,2014,SUV
1484.jpeg,moderate,75000,Hyundai,i20,2010,Hatchback
200.jpeg,moderate,75000,Toyota,Innova,2024,MUV
316.jpeg,moderate,75000,Mahindra,XUV500,2010,SUV
407.jpeg,moderate,75000,Toyota,Camry,2005,Sedan
47.jpeg,moderate,75000,Honda,Jazz,2007,Hatchback
555.jpeg,moderate,75000,Toyota,Innova,2025,MUV
604.jpeg,moderate,75000,Honda,City,2007,Sedan
680.jpeg,moderate,75000,Hyundai,Creta,2022,SUV
722.jpeg,moderate,75000,Toyota,Innova,2014,MUV
790.jpeg,moderate,75000,Maruti,Brezza,2021,SUV
860.jpeg,moderate,75000,Maruti,Brezza,2020,SUV
973.jpeg,moderate,75000,Mahindra,XUV500,2011,SUV
1041.jpeg,moderate,75000,Tata,Nexon,2015,SUV
110.jpeg,moderate,75000,Honda,Amaze,2009,Sedan
1193.jpeg,moderate,75000,Maruti,Brezza,2006,SUV
1306.jpeg,moderate,75000,Tata,Harrier,2019,SUV
1396.jpeg,moderate,75000,Maruti,Brezza,2011,SUV
148.jpeg,moderate,75000,Mahindra,XUV300,2014,SUV
201.jpeg,moderate,75000,Mahindra,Scorpio,2005,SUV
321.jpeg,moderate,75000,Tata,Altroz,2008,Hatchback
413.jpeg,moderate,75000,Honda,Jazz,2024,Hatchback
482.jpeg,moderate,75000,Maruti,Swift,2021,Hatchback
55.jpeg,moderate,75000,Honda,Amaze,2012,Sedan
605.jpeg,moderate,75000,Toyota,Innova,2007,MUV
683.jpeg,moderate,75000,Maruti,Swift,2020,Hatchback
724.jpeg,moderate,75000,Honda,Amaze,2008,Sedan
805.jpeg,moderate,75000,Toyota,Innova,2021,MUV
862.jpeg,moderate,75000,Hyundai,i20,2012,Hatchback
978.jpeg,moderate,75000,Toyota,Camry,2019,Sedan
1045.jpeg,moderate,75000,Maruti,Brezza,2010,SUV
1116.jpeg,moderate,75000,Honda,Amaze,2022,Sedan
1198.jpeg,moderate,75000,Maruti,Baleno,2021,Hatchback
1311.jpeg,moderate,75000,Honda,Jazz,2012,Hatchback
13.jpeg,moderate,75000,Hyundai,Creta,2016,SUV
1490.jpeg,moderate,75000,Hyundai,i20,2007,Hatchback
203.jpeg,moderate,75000,Honda,City,2018,Sedan
323.jpeg,moderate,75000,Mahindra,XUV500,2017,SUV
419.jpeg,moderate,75000,Toyota,Corolla,2006,Sedan
483.jpeg,moderate,75000,Honda,Amaze,2007,Sedan
560.jpeg,moderate,75000,Tata,Nexon,2022,SUV
609.jpeg,moderate,75000,Toyota,Innova,2006,MUV
688.jpeg,moderate,75000,Maruti,Swift,2012,Hatchback
726.jpeg,moderate,75000,Honda,Jazz,2006,Hatchback
806.jpeg,moderate,75000,Toyota,Innova,2012,MUV
865.jpeg,moderate,75000,Mahindra,Scorpio,2010,SUV
981.jpeg,moderate,75000,Hyundai,Creta,2022,SUV
1049.jpeg,moderate,75000,Mahindra,XUV300,2025,SUV
1117.jpeg,moderate,75000,Maruti,Brezza,2019,SUV
1205.jpeg,moderate,75000,Toyota,Corolla,2005,Sedan
1316.jpeg,moderate,75000,Toyota,Innova,2016,MUV
1402.jpeg,moderate,75000,Toyota,Innova,2007,MUV
1496.jpeg,moderate,75000,Hyundai,Verna,2005,Sedan
20.jpeg,moderate,75000,Hyundai,i20,2025,Hatchback
328.jpeg,moderate,75000,Maruti,Swift,2012,Hatchback
421.jpeg,moderate,75000,Hyundai,Creta,2015,SUV
484.jpeg,moderate,75000,Mahindra,Scorpio,2011,SUV
562.jpeg,moderate,75000,Hyundai,Verna,2014,Sedan
60.jpeg,moderate,75000,Toyota,Corolla,2009,Sedan
68.jpeg,moderate,75000,Toyota,Camry,2023,Sedan
730.jpeg,moderate,75000,Honda,Jazz,2022,Hatchback
807.jpeg,moderate,75000,Honda,Jazz,2008,Hatchback
867.jpeg,moderate,75000,Maruti,Baleno,2014,Hatchback
985.jpeg,moderate,75000,Honda,Amaze,2007,Sedan
1066.jpeg,moderate,75000,Mahindra,XUV300,2014,SUV
1118.jpeg,moderate,75000,Mahindra,XUV500,2016,SUV
1216.jpeg,moderate,75000,Toyota,Corolla,2018,Sedan
1327.jpeg,moderate,75000,Maruti,Baleno,2025,Hatchback
1416.jpeg,moderate,75000,Maruti,Brezza,2009,SUV
1511.jpeg,moderate,75000,Honda,Jazz,2016,Hatchback
213.jpeg,moderate,75000,Maruti,Baleno,2023,Hatchback
331.jpeg,moderate,75000,Toyota,Innova,2017,MUV
425.jpeg,moderate,75000,Hyundai,Verna,2012,Sedan
485.jpeg,moderate,75000,Hyundai,Verna,2008,Sedan
565.jpeg,moderate,75000,Tata,Altroz,2022,Hatchback
610.jpeg,moderate,75000,Maruti,Swift,2023,Hatchback
690.jpeg,moderate,75000,Maruti,Swift,2014,Hatchback
731.jpeg,moderate,75000,Mahindra,Scorpio,2021,SUV
810.jpeg,moderate,75000,Maruti,Brezza,2024,SUV
87.jpeg,moderate,75000,Toyota,Camry,2015,Sedan
991.jpeg,moderate,75000,Hyundai,i20,2012,Hatchback
1073.jpeg,moderate,75000,Mahindra,Scorpio,2006,SUV
111.jpeg,moderate,75000,Hyundai,Creta,2009,SUV
1220.jpeg,moderate,75000,Tata,Nexon,2018,SUV
1340.jpeg,moderate,75000,Toyota,Innova,2006,MUV
141.jpeg,moderate,75000,Mahindra,XUV500,2020,SUV
152.jpeg,moderate,75000,Tata,Altroz,2022,Hatchback
220.jpeg,moderate,75000,Toyota,Camry,2018,Sedan
345.jpeg,moderate,75000,Toyota,Corolla,2017,Sedan
427.jpeg,moderate,75000,Honda,Jazz,2025,Hatchback
489.jpeg,moderate,75000,Tata,Harrier,2008,SUV
568.jpeg,moderate,75000,Mahindra,Scorpio,2005,SUV
629.jpeg,moderate,75000,Toyota,Innova,2021,MUV
693.jpeg,moderate,75000,Maruti,Baleno,2008,Hatchback
732.jpeg,moderate,75000,Honda,Amaze,2010,Sedan
811.jpeg,moderate,75000,Mahindra,XUV300,2025,SUV
882.jpeg,moderate,75000,Toyota,Corolla,2011,Sedan
993.jpeg,moderate,75000,Mahindra,Scorpio,2009,SUV
1074.jpeg,moderate,75000,Honda,Amaze,2012,Sedan
1122.jpeg,moderate,75000,Hyundai,Creta,2007,SUV
1243.jpeg,moderate,75000,Hyundai,Verna,2012,Sedan
1342.jpeg,moderate,75000,Hyundai,Verna,2011,Sedan
1420.jpeg,moderate,75000,Toyota,Corolla,2009,Sedan
156.jpeg,moderate,75000,Maruti,Swift,2015,Hatchback
22.jpeg,moderate,75000,Toyota,Camry,2019,Sedan
346.jpeg,moderate,75000,Tata,Nexon,2011,SUV
435.jpeg,moderate,75000,Honda,Amaze,2015,Sedan
492.jpeg,moderate,75000,Mahindra,XUV500,2024,SUV
569.jpeg,moderate,75000,Maruti,Brezza,2019,SUV
642.jpeg,moderate,75000,Tata,Harrier,2006,SUV
698.jpeg,moderate,75000,Hyundai,Creta,2023,SUV
750.jpeg,moderate,75000,Tata,Nexon,2018,SUV
812.jpeg,moderate,75000,Toyota,Camry,2005,Sedan
88.jpeg,moderate,75000,Honda,Jazz,2022,Hatchback
1000.jpeg,minor,25000,Toyota,Corolla,2018,Sedan
107.jpeg,minor,25000,Toyota,Innova,2020,MUV
1167.jpeg,minor,25000,Tata,Altroz,2015,Hatchback
1241.jpeg,minor,25000,Maruti,Swift,2009,Hatchback
1318.jpeg,minor,25000,Hyundai,Creta,2015,SUV
139.jpeg,minor,25000,Hyundai,Creta,2007,SUV
147.jpeg,minor,25000,Toyota,Corolla,2008,Sedan
206.jpeg,minor,25000,Mahindra,XUV500,2014,SUV
281.jpeg,minor,25000,Tata,Nexon,2018,SUV
367.jpeg,minor,25000,Hyundai,i20,2012,Hatchback
446.jpeg,minor,25000,Maruti,Brezza,2018,SUV
52.jpeg,minor,25000,Maruti,Swift,2021,Hatchback
622.jpeg,minor,25000,Maruti,Brezza,2009,SUV
706.jpeg,minor,25000,Hyundai,i20,2009,Hatchback
788.jpeg,minor,25000,Honda,City,2005,Sedan
871.jpeg,minor,25000,Hyundai,Verna,2007,Sedan
943.jpeg,minor,25000,Honda,Jazz,2010,Hatchback
1001.jpeg,minor,25000,Honda,Amaze,2024,Sedan
1080.jpeg,minor,25000,Tata,Nexon,2008,SUV
1168.jpeg,minor,25000,Mahindra,Scorpio,2016,SUV
1242.jpeg,minor,25000,Mahindra,Scorpio,2021,SUV
1320.jpeg,minor,25000,Tata,Altroz,2007,Hatchback
1400.jpeg,minor,25000,Hyundai,Creta,2018,SUV
1481.jpeg,minor,25000,Toyota,Camry,2005,Sedan
207.jpeg,minor,25000,Hyundai,Verna,2008,Sedan
282.jpeg,minor,25000,Toyota,Innova,2021,MUV
369.jpeg,minor,25000,Maruti,Swift,2018,Hatchback
448.jpeg,minor,25000,Tata,Nexon,2012,SUV
530.jpeg,minor,25000,Maruti,Baleno,2009,Hatchback
623.jpeg,minor,25000,Toyota,Camry,2013,Sedan
707.jpeg,minor,25000,Honda,City,2005,Sedan
789.jpeg,minor,25000,Tata,Altroz,2011,Hatchback
872.jpeg,minor,25000,Tata,Nexon,2009,SUV
944.jpeg,minor,25000,Toyota,Camry,2010,Sedan
1002.jpeg,minor,25000,Tata,Harrier,2024,SUV
1082.jpeg,minor,25000,Mahindra,XUV500,2015,SUV
1169.jpeg,minor,25000,Maruti,Brezza,2010,SUV
1244.jpeg,minor,25000,Mahindra,Scorpio,2005,SUV
1321.jpeg,minor,25000,Maruti,Brezza,2008,SUV
1401.jpeg,minor,25000,Honda,City,2021,Sedan
1482.jpeg,minor,25000,Toyota,Camry,2008,Sedan
208.jpeg,minor,25000,Honda,City,2023,Sedan
283.jpeg,minor,25000,Mahindra,XUV500,2005,SUV
36.jpeg,minor,25000,Honda,Amaze,2024,Sedan
449.jpeg,minor,25000,Tata,Altroz,2015,Hatchback
531.jpeg,minor,25000,Hyundai,Creta,2013,SUV
624.jpeg,minor,25000,Maruti,Baleno,2011,Hatchback
708.jpeg,minor,25000,Honda,Amaze,2005,Sedan
792.jpeg,minor,25000,Mahindra,XUV300,2021,SUV
873.jpeg,minor,25000,Hyundai,i20,2010,Hatchback
945.jpeg,minor,25000,Toyota,Innova,2005,MUV
1003.jpeg,minor,25000,Maruti,Brezza,2019,SUV
1083.jpeg,minor,25000,Toyota,Innova,2020,MUV
116.jpeg,minor,25000,Toyota,Camry,2016,Sedan
1245.jpeg,minor,25000,Maruti,Swift,2025,Hatchback
1322.jpeg,minor,25000,Hyundai,i20,2011,Hatchback
1404.jpeg,minor,25000,Honda,Amaze,2011,Sedan
1485.jpeg,minor,25000,Tata,Altroz,2009,Hatchback
209.jpeg,minor,25000,Maruti,Brezza,2007,SUV
284.jpeg,minor,25000,Honda,City,2006,Sedan
370.jpeg,minor,25000,Hyundai,Verna,2009,Sedan
44.jpeg,minor,25000,Toyota,Innova,2010,MUV
532.jpeg,minor,25000,Honda,City,2015,Sedan
625.jpeg,minor,25000,Honda,City,2020,Sedan
709.jpeg,minor,25000,Toyota,Camry,2014,Sedan
793.jpeg,minor,25000,Toyota,Camry,2025,Sedan
874.jpeg,minor,25000,Maruti,Swift,2018,Hatchback
946.jpeg,minor,25000,Mahindra,XUV500,2007,SUV
1004.jpeg,minor,25000,Maruti,Swift,2017,Hatchback
1084.jpeg,minor,25000,Maruti,Baleno,2012,Hatchback
1170.jpeg,minor,25000,Hyundai,i20,2010,Hatchback
1246.jpeg,minor,25000,Toyota,Corolla,2020,Sedan
1323.jpeg,minor,25000,Mahindra,XUV500,2005,SUV
1405.jpeg,minor,25000,Hyundai,Creta,2005,SUV
1487.jpeg,minor,25000,Hyundai,Verna,2017,Sedan
210.jpeg,minor,25000,Honda,City,2011,Sedan
285.jpeg,minor,25000,Maruti,Swift,2015,Hatchback
371.jpeg,minor,25000,Toyota,Corolla,2015,Sedan
450.jpeg,minor,25000,Tata,Nexon,2014,SUV
533.jpeg,minor,25000,Hyundai,Creta,2005,SUV
626.jpeg,minor,25000,Hyundai,Verna,2025,Sedan
70.jpeg,minor,25000,Maruti,Swift,2017,Hatchback
795.jpeg,minor,25000,Hyundai,Creta,2023,SUV
875.jpeg,minor,25000,Tata,Harrier,2010,SUV
947.jpeg,minor,25000,Hyundai,Creta,2005,SUV
1005.jpeg,minor,25000,Toyota,Corolla,2011,Sedan
1085.jpeg,minor,25000,Honda,City,2018,Sedan
1171.jpeg,minor,25000,Tata,Nexon,2021,SUV
1247.jpeg,minor,25000,Maruti,Brezza,2012,SUV
1324.jpeg,minor,25000,Maruti,Baleno,2010,Hatchback
1406.jpeg,minor,25000,Honda,City,2010,Sedan
1488.jpeg,minor,25000,Mahindra,XUV300,2008,SUV
211.jpeg,minor,25000,Mahindra,XUV500,2023,SUV
288.jpeg,minor,25000,Hyundai,Creta,2015,SUV
372.jpeg,minor,25000,Mahindra,Scorpio,2008,SUV
451.jpeg,minor,25000,Mahindra,XUV300,2005,SUV
535.jpeg,minor,25000,Honda,City,2015,Sedan
627.jpeg,minor,25000,Maruti,Baleno,2005,Hatchback
710.jpeg,minor,25000,Hyundai,i20,2022,Hatchback
796.jpeg,minor,25000,Toyota,Innova,2019,MUV
876.jpeg,minor,25000,Maruti,Swift,2007,Hatchback
948.jpeg,minor,25000,Hyundai,Verna,2025,Sedan
1006.jpeg,minor,25000,Honda,City,2012,Sedan
1086.jpeg,minor,25000,Toyota,Innova,2020,MUV
1172.jpeg,minor,25000,Tata,Harrier,2005,SUV
1248.jpeg,minor,25000,Tata,Altroz,2009,Hatchback
1325.jpeg,minor,25000,Mahindra,XUV300,2019,SUV
1407.jpeg,minor,25000,Tata,Altroz,2021,Hatchback
1491.jpeg,minor,25000,Honda,Amaze,2014,Sedan
212.jpeg,minor,25000,Honda,Amaze,2009,Sedan
289.jpeg,minor,25000,Toyota,Camry,2014,Sedan
373.jpeg,minor,25000,Maruti,Swift,2013,Hatchback
452.jpeg,minor,25000,Maruti,Brezza,2011,SUV
536.jpeg,minor,25000,Mahindra,Scorpio,2025,SUV
628.jpeg,minor,25000,Maruti,Baleno,2009,Hatchback
714.jpeg,minor,25000,Mahindra,Scorpio,2019,SUV
797.jpeg,minor,25000,Hyundai,Creta,2011,SUV
877.jpeg,minor,25000,Tata,Harrier,2008,SUV
949.jpeg,minor,25000,Mahindra,Scorpio,2005,SUV
1008.jpeg,minor,25000,Tata,Nexon,2007,SUV
1087.jpeg,minor,25000,Maruti,Baleno,2007,Hatchback
1174.jpeg,minor,25000,Tata,Harrier,2005,SUV
1249.jpeg,minor,25000,Mahindra,Scorpio,2011,SUV
1326.jpeg,minor,25000,Toyota,Corolla,2012,Sedan
1408.jpeg,minor,25000,Hyundai,Verna,2013,Sedan
1492.jpeg,minor,25000,Maruti,Swift,2015,Hatchback
214.jpeg,minor,25000,Mahindra,Scorpio,2020,SUV
28.jpeg,minor,25000,Hyundai,i20,2014,Hatchback
374.jpeg,minor,25000,Maruti,Baleno,2021,Hatchback
453.jpeg,minor,25000,Hyundai,i20,2019,Hatchback
537.jpeg,minor,25000,Toyota,Corolla,2022,Sedan
630.jpeg,minor,25000,Mahindra,XUV300,2018,SUV
715.jpeg,minor,25000,Honda,Amaze,2025,Sedan
798.jpeg,minor,25000,Tata,Altroz,2005,Hatchback
879.jpeg,minor,25000,Tata,Harrier,2014,SUV
950.jpeg,minor,25000,Honda,Amaze,2007,Sedan
1009.jpeg,minor,25000,Toyota,Camry,2014,Sedan
1088.jpeg,minor,25000,Maruti,Baleno,2009,Hatchback
1175.jpeg,minor,25000,Hyundai,i20,2014,Hatchback
124.jpeg,minor,25000,Mahindra,Scorpio,2009,SUV
1328.jpeg,minor,25000,Hyundai,Creta,2008,SUV
1409.jpeg,minor,25000,Mahindra,XUV500,2014,SUV
1493.jpeg,minor,25000,Toyota,Innova,2014,MUV
215.jpeg,minor,25000,Honda,City,2006,Sedan
291.jpeg,minor,25000,Mahindra,Scorpio,2008,SUV
375.jpeg,minor,25000,Mahindra,XUV500,2015,SUV
454.jpeg,minor,25000,Toyota,Corolla,2009,Sedan
538.jpeg,minor,25000,Tata,Nexon,2021,SUV
631.jpeg,minor,25000,Hyundai,Creta,2011,SUV
716.jpeg,minor,25000,Honda,Amaze,2007,Sedan
799.jpeg,minor,25000,Maruti,Brezza,2014,SUV
880.jpeg,minor,25000,Hyundai,Creta,2008,SUV
951.jpeg,minor,25000,Mahindra,XUV300,2021,SUV
100.jpeg,minor,25000,Hyundai,i20,2018,Hatchback
1091.jpeg,minor,25000,Hyundai,i20,2019,Hatchback
1176.jpeg,minor,25000,Honda,Jazz,2023,Hatchback
1251.jpeg,minor,25000,Toyota,Corolla,2019,Sedan
1329.jpeg,minor,25000,Tata,Nexon,2022,SUV
140.jpeg,minor,25000,Maruti,Brezza,2016,SUV
1495.jpeg,minor,25000,Honda,Jazz,2024,Hatchback
217.jpeg,minor,25000,Honda,Jazz,2018,Hatchback
292.jpeg,minor,25000,Honda,Amaze,2020,Sedan
376.jpeg,minor,25000,Hyundai,i20,2010,Hatchback
457.jpeg,minor,25000,Mahindra,XUV500,2005,SUV
539.jpeg,minor,25000,Tata,Harrier,2009,SUV
633.jpeg,minor,25000,Honda,Amaze,2016,Sedan
717.jpeg,minor,25000,Honda,Jazz,2011,Hatchback
79.jpeg,minor,25000,Hyundai,i20,2008,Hatchback
881.jpeg,minor,25000,Honda,Jazz,2025,Hatchback
952.jpeg,minor,25000,Toyota,Innova,2011,MUV
1011.jpeg,minor,25000,Toyota,Camry,2025,Sedan
1092.jpeg,minor,25000,Mahindra,Scorpio,2025,SUV
1177.jpeg,minor,25000,Maruti,Brezza,2014,SUV
1252.jpeg,minor,25000,Mahindra,Scorpio,2013,SUV
132.jpeg,minor,25000,Tata,Nexon,2018,SUV
1410.jpeg,minor,25000,Honda,Jazz,2006,Hatchback
1497.jpeg,minor,25000,Maruti,Swift,2013,Hatchback
218.jpeg,minor,25000,Honda,City,2025,Sedan
295.jpeg,minor,25000,Toyota,Corolla,2018,Sedan
377.jpeg,minor,25000,Toyota,Camry,2015,Sedan
458.jpeg,minor,25000,Maruti,Swift,2013,Hatchback
540.jpeg,minor,25000,Hyundai,Creta,2005,SUV
634.jpeg,minor,25000,Hyundai,Verna,2011,Sedan
718.jpeg,minor,25000,Tata,Nexon,2021,SUV
800.jpeg,minor,25000,Tata,Harrier,2013,SUV
883.jpeg,minor,25000,Hyundai,Creta,2018,SUV
953.jpeg,minor,25000,Hyundai,Verna,2013,Sedan
1012.jpeg,minor,25000,Honda,Jazz,2014,Hatchback
1093.jpeg,minor,25000,Mahindra,XUV300,2010,SUV
1178.jpeg,minor,25000,Hyundai,i20,2024,Hatchback
1254.jpeg,minor,25000,Hyundai,Creta,2013,SUV
1330.jpeg,minor,25000,Hyundai,Verna,2005,Sedan
1411.jpeg,minor,25000,Mahindra,XUV300,2024,SUV
1498.jpeg,minor,25000,Hyundai,Creta,2012,SUV
219.jpeg,minor,25000,Mahindra,XUV300,2024,SUV
296.jpeg,minor,25000,Maruti,Baleno,2011,Hatchback
379.jpeg,minor,25000,Tata,Harrier,2006,SUV
459.jpeg,minor,25000,Mahindra,XUV500,2012,SUV
543.jpeg,minor,25000,Tata,Nexon,2015,SUV
635.jpeg,minor,25000,Mahindra,XUV300,2014,SUV
71.jpeg,minor,25000,Maruti,Baleno,2005,Hatchback
801.jpeg,minor,25000,Maruti,Swift,2015,Hatchback
884.jpeg,minor,25000,Hyundai,Creta,2008,SUV
954.jpeg,minor,25000,Honda,Jazz,2010,Hatchback
1014.jpeg,minor,25000,Hyundai,Creta,2011,SUV
1094.jpeg,minor,25000,Tata,Nexon,2013,SUV
1179.jpeg,minor,25000,Honda,Jazz,2011,Hatchback
1255.jpeg,minor,25000,Tata,Harrier,2015,SUV
1331.jpeg,minor,25000,Toyota,Camry,2005,Sedan
1412.jpeg,minor,25000,Mahindra,XUV500,2014,SUV
1499.jpeg,minor,25000,Honda,Amaze,2011,Sedan
21.jpeg,minor,25000,Honda,Jazz,2006,Hatchback
299.jpeg,minor,25000,Mahindra,XUV300,2009,SUV
37.jpeg,minor,25000,Hyundai,i20,2023,Hatchback
45.jpeg,minor,25000,Tata,Harrier,2012,SUV
544.jpeg,minor,25000,Mahindra,XUV300,2022,SUV
636.jpeg,minor,25000,Hyundai,Creta,2005,SUV
723.jpeg,minor,25000,Tata,Harrier,2017,SUV
802.jpeg,minor,25000,Honda,City,2011,Sedan
885.jpeg,minor,25000,Honda,Amaze,2011,Sedan
955.jpeg,minor,25000,Mahindra,XUV500,2013,SUV
1015.jpeg,minor,25000,Honda,City,2009,Sedan
1095.jpeg,minor,25000,Honda,City,2024,Sedan
1180.jpeg,minor,25000,Toyota,Camry,2018,Sedan
1256.jpeg,minor,25000,Honda,Amaze,2010,Sedan
1332.jpeg,minor,25000,Tata,Harrier,2011,SUV
1413.jpeg,minor,25000,Honda,Amaze,2019,Sedan
149.jpeg,minor,25000,Honda,City,2010,Sedan
221.jpeg,minor,25000,Maruti,Swift,2022,Hatchback
29.jpeg,minor,25000,Tata,Nexon,2009,SUV
380.jpeg,minor,25000,Hyundai,Creta,2022,SUV
461.jpeg,minor,25000,Honda,Amaze,2018,Sedan
545.jpeg,minor,25000,Tata,Altroz,2019,Hatchback
638.jpeg,minor,25000,Honda,City,2007,Sedan
725.jpeg,minor,25000,Mahindra,XUV500,2020,SUV
803.jpeg,minor,25000,Maruti,Swift,2012,Hatchback
886.jpeg,minor,25000,Toyota,Camry,2005,Sedan
956.jpeg,minor,25000,Honda,Amaze,2007,Sedan
1016.jpeg,minor,25000,Toyota,Camry,2021,Sedan
1096.jpeg,minor,25000,Tata,Altroz,2024,Hatchback
1181.jpeg,minor,25000,Hyundai,Verna,2009,Sedan
1257.jpeg,minor,25000,Hyundai,i20,2005,Hatchback
1333.jpeg,minor,25000,Mahindra,XUV500,2025,SUV
1414.jpeg,minor,25000,Maruti,Brezza,2008,SUV
14.jpeg,minor,25000,Maruti,Swift,2020,Hatchback
222.jpeg,minor,25000,Toyota,Camry,2011,Sedan
2.jpeg,minor,25000,Tata,Nexon,2008,SUV
381.jpeg,minor,25000,Hyundai,Creta,2006,SUV
462.jpeg,minor,25000,Mahindra,Scorpio,2020,SUV
547.jpeg,minor,25000,Honda,Amaze,2018,Sedan
639.jpeg,minor,25000,Maruti,Baleno,2014,Hatchback
727.jpeg,minor,25000,Mahindra,XUV500,2019,SUV
804.jpeg,minor,25000,Honda,Amaze,2020,Sedan
887.jpeg,minor,25000,Maruti,Swift,2015,Hatchback
957.jpeg,minor,25000,Maruti,Brezza,2009,SUV
1018.jpeg,minor,25000,Mahindra,XUV500,2022,SUV
1097.jpeg,minor,25000,Mahindra,XUV500,2017,SUV
1182.jpeg,minor,25000,Mahindra,Scorpio,2019,SUV
1258.jpeg,minor,25000,Toyota,Innova,2005,MUV
1334.jpeg,minor,25000,Hyundai,i20,2016,Hatchback
1415.jpeg,minor,25000,Mahindra,Scorpio,2015,SUV
1500.jpeg,minor,25000,Maruti,Brezza,2020,SUV
223.jpeg,minor,25000,Mahindra,Scorpio,2019,SUV
300.jpeg,minor,25000,Toyota,Innova,2009,MUV
382.jpeg,minor,25000,Maruti,Baleno,2020,Hatchback
463.jpeg,minor,25000,Maruti,Baleno,2023,Hatchback
548.jpeg,minor,25000,Tata,Harrier,2016,SUV
63.jpeg,minor,25000,Hyundai,Verna,2007,Sedan
728.jpeg,minor,25000,Mahindra,XUV300,2005,SUV
808.jpeg,minor,25000,Hyundai,Creta,2013,SUV
888.jpeg,minor,25000,Honda,Amaze,2024,Sedan
958.jpeg,minor,25000,Mahindra,XUV300,2011,SUV
1019.jpeg,minor,25000,Mahindra,XUV500,2007,SUV
1099.jpeg,minor,25000,Toyota,Camry,2013,Sedan
1183.jpeg,minor,25000,Tata,Altroz,2012,Hatchback
1259.jpeg,minor,25000,Toyota,Innova,2006,MUV
1335.jpeg,minor,25000,Maruti,Baleno,2011,Hatchback
1417.jpeg,minor,25000,Maruti,Baleno,2006,Hatchback
1501.jpeg,minor,25000,Tata,Nexon,2022,SUV
224.jpeg,minor,25000,Mahindra,XUV500,2010,SUV
301.jpeg,minor,25000,Maruti,Swift,2007,Hatchback
384.jpeg,minor,25000,Mahindra,XUV500,2010,SUV
464.jpeg,minor,25000,Tata,Altroz,2015,Hatchback
54.jpeg,minor,25000,Toyota,Innova,2010,MUV
640.jpeg,minor,25000,Honda,City,2025,Sedan
729.jpeg,minor,25000,Honda,Amaze,2005,Sedan
809.jpeg,minor,25000,Hyundai,Creta,2025,SUV
889.jpeg,minor,25000,Maruti,Baleno,2006,Hatchback
959.jpeg,minor,25000,Toyota,Corolla,2019,Sedan
101.jpeg,minor,25000,Hyundai,i20,2010,Hatchback
10.jpeg,minor,25000,Tata,Nexon,2024,SUV
1184.jpeg,minor,25000,Honda,Jazz,2022,Hatchback
125.jpeg,minor,25000,Hyundai,Verna,2024,Sedan
1336.jpeg,minor,25000,Hyundai,Verna,2012,Sedan
1418.jpeg,minor,25000,Hyundai,i20,2009,Hatchback
1502.jpeg,minor,25000,Tata,Nexon,2007,SUV
225.jpeg,minor,25000,Maruti,Swift,2007,Hatchback
303.jpeg,minor,25000,Mahindra,XUV500,2016,SUV
385.jpeg,minor,25000,Tata,Harrier,2011,SUV
465.jpeg,minor,25000,Tata,Nexon,2016,SUV
550.jpeg,minor,25000,Hyundai,Creta,2010,SUV
641.jpeg,minor,25000,Maruti,Baleno,2008,Hatchback
72.jpeg,minor,25000,Hyundai,i20,2022,Hatchback
80.jpeg,minor,25000,Tata,Altroz,2012,Hatchback
890.jpeg,minor,25000,Honda,City,2008,Sedan
95.jpeg,minor,25000,Hyundai,Creta,2020,SUV
1021.jpeg,minor,25000,Mahindra,XUV300,2005,SUV
1100.jpeg,minor,25000,Mahindra,XUV500,2013,SUV
1185.jpeg,minor,25000,Honda,City,2007,Sedan
1260.jpeg,minor,25000,Mahindra,XUV500,2017,SUV
1337.jpeg,minor,25000,Toyota,Innova,2010,MUV
1419.jpeg,minor,25000,Mahindra,XUV300,2014,SUV
1503.jpeg,minor,25000,Maruti,Swift,2014,Hatchback
226.jpeg,minor,25000,Honda,Amaze,2017,Sedan
304.jpeg,minor,25000,Mahindra,XUV500,2021,SUV
386.jpeg,minor,25000,Honda,Jazz,2009,Hatchback
468.jpeg,minor,25000,Toyota,Corolla,2011,Sedan
551.jpeg,minor,25000,Toyota,Corolla,2007,Sedan
643.jpeg,minor,25000,Hyundai,Creta,2016,SUV
733.jpeg,minor,25000,Hyundai,Creta,2022,SUV
813.jpeg,minor,25000,Maruti,Swift,2016,Hatchback
891.jpeg,minor,25000,Maruti,Brezza,2022,SUV
960.jpeg,minor,25000,Hyundai,i20,2007,Hatchback
1022.jpeg,minor,25000,Maruti,Baleno,2009,Hatchback
1102.jpeg,minor,25000,Honda,Amaze,2013,Sedan
1186.jpeg,minor,25000,Maruti,Swift,2012,Hatchback
1262.jpeg,minor,25000,Mahindra,XUV300,2012,SUV
1338.jpeg,minor,25000,Maruti,Baleno,2014,Hatchback
1421.jpeg,minor,25000,Maruti,Brezza,2015,SUV
1504.jpeg,minor,25000,Tata,Altroz,2010,Hatchback
228.jpeg,minor,25000,Honda,Jazz,2020,Hatchback
306.jpeg,minor,25000,Tata,Altroz,2006,Hatchback
387.jpeg,minor,25000,Hyundai,Creta,2006,SUV
469.jpeg,minor,25000,Tata,Altroz,2010,Hatchback
554.jpeg,minor,25000,Tata,Harrier,2016,SUV
644.jpeg,minor,25000,Toyota,Corolla,2015,Sedan
734.jpeg,minor,25000,Tata,Harrier,2016,SUV
814.jpeg,minor,25000,Maruti,Brezza,2020,SUV
893.jpeg,minor,25000,Mahindra,Scorpio,2007,SUV
961.jpeg,minor,25000,Mahindra,Scorpio,2019,SUV
1023.jpeg,minor,25000,Toyota,Corolla,2008,Sedan
1104.jpeg,minor,25000,Maruti,Baleno,2016,Hatchback
1187.jpeg,minor,25000,Toyota,Innova,2012,MUV
1264.jpeg,minor,25000,Tata,Nexon,2020,SUV
1339.jpeg,minor,25000,Mahindra,Scorpio,2013,SUV
1422.jpeg,minor,25000,Mahindra,Scorpio,2021,SUV
1505.jpeg,minor,25000,Honda,Amaze,2015,Sedan
229.jpeg,minor,25000,Honda,Jazz,2014,Hatchback
308.jpeg,minor,25000,Tata,Nexon,2019,SUV
388.jpeg,minor,25000,Honda,Jazz,2012,Hatchback
470.jpeg,minor,25000,Toyota,Innova,2006,MUV
556.jpeg,minor,25000,Hyundai,i20,2020,Hatchback
645.jpeg,minor,25000,Honda,Jazz,2014,Hatchback
735.jpeg,minor,25000,Mahindra,Scorpio,2022,SUV
815.jpeg,minor,25000,Tata,Nexon,2011,SUV
894.jpeg,minor,25000,Maruti,Swift,2018,Hatchback
963.jpeg,minor,25000,Maruti,Baleno,2015,Hatchback
1024.jpeg,minor,25000,Mahindra,XUV500,2009,SUV
1106.jpeg,minor,25000,Mahindra,XUV500,2022,SUV
1190.jpeg,minor,25000,Toyota,Innova,2011,MUV
1266.jpeg,minor,25000,Mahindra,Scorpio,2005,SUV
133.jpeg,minor,25000,Maruti,Brezza,2015,SUV
1424.jpeg,minor,25000,Hyundai,Creta,2007,SUV
1506.jpeg,minor,25000,Mahindra,Scorpio,2009,SUV
230.jpeg,minor,25000,Maruti,Baleno,2007,Hatchback
309.jpeg,minor,25000,Maruti,Brezza,2018,SUV
389.jpeg,minor,25000,Tata,Altroz,2017,Hatchback
471.jpeg,minor,25000,Hyundai,i20,2021,Hatchback
558.jpeg,minor,25000,Maruti,Swift,2014,Hatchback
647.jpeg,minor,25000,Toyota,Corolla,2006,Sedan
736.jpeg,minor,25000,Toyota,Corolla,2014,Sedan
816.jpeg,minor,25000,Tata,Harrier,2025,SUV
895.jpeg,minor,25000,Toyota,Camry,2024,Sedan
964.jpeg,minor,25000,Toyota,Corolla,2006,Sedan
1025.jpeg,minor,25000,Toyota,Innova,2018,MUV
1109.jpeg,minor,25000,Honda,Amaze,2022,Sedan
1191.jpeg,minor,25000,Honda,City,2019,Sedan
1267.jpeg,minor,25000,Maruti,Swift,2024,Hatchback
1341.jpeg,minor,25000,Tata,Altroz,2016,Hatchback
1425.jpeg,minor,25000,Tata,Harrier,2013,SUV
1507.jpeg,minor,25000,Honda,Jazz,2020,Hatchback
232.jpeg,minor,25000,Toyota,Camry,2019,Sedan
30.jpeg,minor,25000,Tata,Harrier,2025,SUV
38.jpeg,minor,25000,Toyota,Corolla,2016,Sedan
472.jpeg,minor,25000,Tata,Nexon,2011,SUV
559.jpeg,minor,25000,Tata,Harrier,2015,SUV
648.jpeg,minor,25000,Mahindra,XUV300,2007,SUV
737.jpeg,minor,25000,Mahindra,Scorpio,2013,SUV
817.jpeg,minor,25000,Honda,City,2016,Sedan
896.jpeg,minor,25000,Hyundai,Verna,2022,Sedan
965.jpeg,minor,25000,Toyota,Corolla,2025,Sedan
1027.jpeg,minor,25000,Honda,City,2007,Sedan
1110.jpeg,minor,25000,Toyota,Innova,2025,MUV
1192.jpeg,minor,25000,Tata,Harrier,2015,SUV
1269.jpeg,minor,25000,Hyundai,Creta,2007,SUV
1343.jpeg,minor,25000,Mahindra,XUV300,2017,SUV
1427.jpeg,minor,25000,Tata,Altroz,2007,Hatchback
1508.jpeg,minor,25000,Tata,Altroz,2020,Hatchback
233.jpeg,minor,25000,Mahindra,Scorpio,2013,SUV
310.jpeg,minor,25000,Hyundai,Creta,2011,SUV
390.jpeg,minor,25000,Honda,City,2010,Sedan
473.jpeg,minor,25000,Hyundai,i20,2012,Hatchback
561.jpeg,minor,25000,Tata,Harrier,2015,SUV
649.jpeg,minor,25000,Tata,Altroz,2017,Hatchback
739.jpeg,minor,25000,Honda,Amaze,2010,Sedan
818.jpeg,minor,25000,Tata,Nexon,2007,SUV
897.jpeg,minor,25000,Toyota,Innova,2018,MUV
966.jpeg,minor,25000,Honda,City,2007,Sedan
1028.jpeg,minor,25000,Toyota,Innova,2005,MUV
1111.jpeg,minor,25000,Mahindra,XUV300,2005,SUV
1194.jpeg,minor,25000,Toyota,Camry,2025,Sedan
126.jpeg,minor,25000,Tata,Harrier,2022,SUV
1346.jpeg,minor,25000,Mahindra,Scorpio,2019,SUV
1429.jpeg,minor,25000,Toyota,Corolla,2018,Sedan
1509.jpeg,minor,25000,Toyota,Corolla,2021,Sedan
234.jpeg,minor,25000,Mahindra,XUV300,2018,SUV
311.jpeg,minor,25000,Toyota,Camry,2021,Sedan
392.jpeg,minor,25000,Tata,Nexon,2022,SUV
474.jpeg,minor,25000,Mahindra,XUV300,2011,SUV
564.jpeg,minor,25000,Tata,Altroz,2024,Hatchback
64.jpeg,minor,25000,Toyota,Corolla,2025,Sedan
73.jpeg,minor,25000,Honda,Jazz,2008,Hatchback
819.jpeg,minor,25000,Honda,City,2011,Sedan
898.jpeg,minor,25000,Tata,Altroz,2011,Hatchback
967.jpeg,minor,25000,Tata,Harrier,2005,SUV
1029.jpeg,minor,25000,Mahindra,XUV300,2022,SUV
1112.jpeg,minor,25000,Maruti,Baleno,2014,Hatchback
1195.jpeg,minor,25000,Toyota,Corolla,2017,Sedan
1270.jpeg,minor,25000,Mahindra,XUV500,2010,SUV
1348.jpeg,minor,25000,Mahindra,Scorpio,2016,SUV
142.jpeg,minor,25000,Tata,Altroz,2010,Hatchback
150.jpeg,minor,25000,Toyota,Corolla,2007,Sedan
235.jpeg,minor,25000,Honda,Jazz,2019,Hatchback
312.jpeg,minor,25000,Maruti,Brezza,2008,SUV
393.jpeg,minor,25000,Hyundai,Creta,2005,SUV
475.jpeg,minor,25000,Tata,Harrier,2019,SUV
566.jpeg,minor,25000,Maruti,Brezza,2023,SUV
650.jpeg,minor,25000,Maruti,Brezza,2011,SUV
740.jpeg,minor,25000,Toyota,Corolla,2012,Sedan
81.jpeg,minor,25000,Mahindra,XUV500,2023,SUV
899.jpeg,minor,25000,Maruti,Brezza,2013,SUV
968.jpeg,minor,25000,Tata,Nexon,2020,SUV
102.jpeg,minor,25000,Toyota,Corolla,2007,Sedan
1113.jpeg,minor,25000,Toyota,Innova,2019,MUV
1196.jpeg,minor,25000,Honda,Jazz,2006,Hatchback
1271.jpeg,minor,25000,Hyundai,i20,2016,Hatchback
1349.jpeg,minor,25000,Tata,Nexon,2011,SUV
1430.jpeg,minor,25000,Hyundai,Verna,2020,Sedan
1510.jpeg,minor,25000,Toyota,Innova,2007,MUV
236.jpeg,minor,25000,Maruti,Swift,2019,Hatchback
314.jpeg,minor,25000,Tata,Harrier,2017,SUV
394.jpeg,minor,25000,Hyundai,Creta,2022,SUV
477.jpeg,minor,25000,Toyota,Innova,2006,MUV
56.jpeg,minor,25000,Maruti,Brezza,2005,SUV
651.jpeg,minor,25000,Hyundai,Verna,2008,Sedan
741.jpeg,minor,25000,Hyundai,Verna,2008,Sedan
822.jpeg,minor,25000,Mahindra,XUV300,2020,SUV
89.jpeg,minor,25000,Maruti,Swift,2011,Hatchback
969.jpeg,minor,25000,Mahindra,Scorpio,2022,SUV
1030.jpeg,minor,25000,Honda,Jazz,2014,Hatchback
1114.jpeg,minor,25000,Toyota,Camry,2016,Sedan
1199.jpeg,minor,25000,Mahindra,Scorpio,2021,SUV
1272.jpeg,minor,25000,Hyundai,Verna,2007,Sedan
134.jpeg,minor,25000,Mahindra,XUV300,2018,SUV
1431.jpeg,minor,25000,Mahindra,XUV500,2024,SUV
151.jpeg,minor,25000,Maruti,Swift,2018,Hatchback
237.jpeg,minor,25000,Hyundai,Creta,2016,SUV
317.jpeg,minor,25000,Toyota,Corolla,2006,Sedan
395.jpeg,minor,25000,Hyundai,Verna,2021,Sedan
478.jpeg,minor,25000,Maruti,Swift,2013,Hatchback
570.jpeg,minor,25000,Tata,Harrier,2021,SUV
653.jpeg,minor,25000,Maruti,Baleno,2011,Hatchback
742.jpeg,minor,25000,Tata,Nexon,2018,SUV
823.jpeg,minor,25000,Honda,City,2012,Sedan
8.jpeg,minor,25000,Tata,Altroz,2009,Hatchback
970.jpeg,minor,25000,Mahindra,XUV500,2024,SUV
1033.jpeg,minor,25000,Mahindra,XUV500,2020,SUV
1115.jpeg,minor,25000,Tata,Harrier,2021,SUV
119.jpeg,minor,25000,Mahindra,XUV500,2015,SUV
1273.jpeg,minor,25000,Tata,Nexon,2008,SUV
1350.jpeg,minor,25000,Maruti,Baleno,2010,Hatchback
1432.jpeg,minor,25000,Mahindra,XUV300,2017,SUV
153.jpeg,minor,25000,Tata,Harrier,2005,SUV
238.jpeg,minor,25000,Hyundai,Creta,2023,SUV
318.jpeg,minor,25000,Hyundai,Creta,2010,SUV
396.jpeg,minor,25000,Mahindra,XUV300,2024,SUV
480.jpeg,minor,25000,Toyota,Camry,2011,Sedan
571.jpeg,minor,25000,Mahindra,Scorpio,2014,SUV
654.jpeg,minor,25000,Toyota,Camry,2020,Sedan
743.jpeg,minor,25000,Toyota,Corolla,2024,Sedan
824.jpeg,minor,25000,Mahindra,Scorpio,2005,SUV
900.jpeg,minor,25000,Tata,Altroz,2011,Hatchback
971.jpeg,minor,25000,Tata,Nexon,2025,SUV
1034.jpeg,minor,25000,Hyundai,Creta,2013,SUV
1119.jpeg,minor,25000,Honda,Amaze,2017,Sedan
11.jpeg,minor,25000,Maruti,Baleno,2017,Hatchback
1275.jpeg,minor,25000,Honda,Jazz,2013,Hatchback
1351.jpeg,minor,25000,Toyota,Corolla,2023,Sedan
1433.jpeg,minor,25000,Toyota,Camry,2013,Sedan
155.jpeg,minor,25000,Toyota,Corolla,2013,Sedan
239.jpeg,minor,25000,Maruti,Brezza,2016,SUV
319.jpeg,minor,25000,Maruti,Brezza,2022,SUV
397.jpeg,minor,25000,Honda,City,2017,Sedan
481.jpeg,minor,25000,Honda,City,2017,Sedan
572.jpeg,minor,25000,Honda,Jazz,2011,Hatchback
656.jpeg,minor,25000,Tata,Harrier,2024,SUV
745.jpeg,minor,25000,Mahindra,XUV500,2013,SUV
825.jpeg,minor,25000,Toyota,Corolla,2016,Sedan
901.jpeg,minor,25000,Honda,Amaze,2005,Sedan
974.jpeg,minor,25000,Hyundai,i20,2008,Hatchback
1035.jpeg,minor,25000,Hyundai,Creta,2022,SUV
1120.jpeg,minor,25000,Maruti,Swift,2012,Hatchback
1200.jpeg,minor,25000,Mahindra,Scorpio,2023,SUV
1277.jpeg,minor,25000,Hyundai,Creta,2020,SUV
1352.jpeg,minor,25000,Honda,Jazz,2017,Hatchback
1434.jpeg,minor,25000,Maruti,Brezza,2015,SUV
158.jpeg,minor,25000,Maruti,Baleno,2009,Hatchback
23.jpeg,minor,25000,Tata,Altroz,2007,Hatchback
320.jpeg,minor,25000,Hyundai,Creta,2022,SUV
398.jpeg,minor,25000,Hyundai,Creta,2009,SUV
486.jpeg,minor,25000,Honda,City,2010,Sedan
573.jpeg,minor,25000,Hyundai,Verna,2025,Sedan
657.jpeg,minor,25000,Mahindra,XUV300,2012,SUV
746.jpeg,minor,25000,Mahindra,XUV500,2013,SUV
826.jpeg,minor,25000,Maruti,Baleno,2011,Hatchback
902.jpeg,minor,25000,Tata,Harrier,2007,SUV
975.jpeg,minor,25000,Maruti,Baleno,2025,Hatchback
1036.jpeg,minor,25000,Hyundai,i20,2013,Hatchback
1125.jpeg,minor,25000,Honda,City,2017,Sedan
1201.jpeg,minor,25000,Hyundai,Verna,2009,Sedan
1278.jpeg,minor,25000,Tata,Nexon,2009,SUV
1355.jpeg,minor,25000,Hyundai,Creta,2018,SUV
1435.jpeg,minor,25000,Maruti,Brezza,2005,SUV
159.jpeg,minor,25000,Tata,Nexon,2013,SUV
240.jpeg,minor,25000,Tata,Harrier,2021,SUV
324.jpeg,minor,25000,Mahindra,Scorpio,2022,SUV
3.jpeg,minor,25000,Honda,City,2018,Sedan
487.jpeg,minor,25000,Toyota,Innova,2006,MUV
574.jpeg,minor,25000,Hyundai,Creta,2025,SUV
658.jpeg,minor,25000,Maruti,Baleno,2018,Hatchback
747.jpeg,minor,25000,Hyundai,Creta,2016,SUV
827.jpeg,minor,25000,Hyundai,Creta,2022,SUV
903.jpeg,minor,25000,Mahindra,XUV500,2020,SUV
976.jpeg,minor,25000,Toyota,Innova,2016,MUV
1037.jpeg,minor,25000,Mahindra,XUV300,2013,SUV
1127.jpeg,minor,25000,Maruti,Baleno,2022,Hatchback
1202.jpeg,minor,25000,Tata,Altroz,2013,Hatchback
1279.jpeg,minor,25000,Toyota,Innova,2015,MUV
1356.jpeg,minor,25000,Mahindra,XUV500,2008,SUV
1436.jpeg,minor,25000,Hyundai,Verna,2021,Sedan
161.jpeg,minor,25000,Toyota,Camry,2013,Sedan
241.jpeg,minor,25000,Hyundai,Creta,2011,SUV
325.jpeg,minor,25000,Hyundai,i20,2007,Hatchback
401.jpeg,minor,25000,Mahindra,XUV300,2013,SUV
488.jpeg,minor,25000,Honda,Jazz,2016,Hatchback
575.jpeg,minor,25000,Honda,Jazz,2022,Hatchback
65.jpeg,minor,25000,Tata,Altroz,2018,Hatchback
748.jpeg,minor,25000,Honda,City,2006,Sedan
828.jpeg,minor,25000,Toyota,Innova,2020,MUV
904.jpeg,minor,25000,Hyundai,Creta,2023,SUV
977.jpeg,minor,25000,Maruti,Swift,2021,Hatchback
1038.jpeg,minor,25000,Mahindra,XUV500,2014,SUV
1128.jpeg,minor,25000,Mahindra,XUV300,2014,SUV
1203.jpeg,minor,25000,Honda,Jazz,2021,Hatchback
127.jpeg,minor,25000,Tata,Nexon,2009,SUV
1358.jpeg,minor,25000,Toyota,Corolla,2023,Sedan
1437.jpeg,minor,25000,Tata,Nexon,2006,SUV
163.jpeg,minor,25000,Tata,Harrier,2012,SUV
243.jpeg,minor,25000,Honda,Jazz,2018,Hatchback
326.jpeg,minor,25000,Honda,Amaze,2018,Sedan
402.jpeg,minor,25000,Toyota,Innova,2023,MUV
48.jpeg,minor,25000,Hyundai,i20,2009,Hatchback
576.jpeg,minor,25000,Mahindra,XUV500,2018,SUV
660.jpeg,minor,25000,Maruti,Brezza,2007,SUV
749.jpeg,minor,25000,Maruti,Baleno,2023,Hatchback
829.jpeg,minor,25000,Tata,Harrier,2025,SUV
905.jpeg,minor,25000,Honda,City,2021,Sedan
979.jpeg,minor,25000,Mahindra,Scorpio,2015,SUV
1040.jpeg,minor,25000,Honda,Jazz,2024,Hatchback
1129.jpeg,minor,25000,Honda,Amaze,2005,Sedan
1204.jpeg,minor,25000,Hyundai,Verna,2024,Sedan
1280.jpeg,minor,25000,Honda,Amaze,2012,Sedan
135.jpeg,minor,25000,Toyota,Innova,2005,MUV
1438.jpeg,minor,25000,Maruti,Swift,2011,Hatchback
167.jpeg,minor,25000,Tata,Nexon,2006,SUV
244.jpeg,minor,25000,Hyundai,Verna,2009,Sedan
327.jpeg,minor,25000,Maruti,Baleno,2024,Hatchback
404.jpeg,minor,25000,Toyota,Corolla,2025,Sedan
490.jpeg,minor,25000,Honda,City,2010,Sedan
578.jpeg,minor,25000,Hyundai,Creta,2022,SUV
661.jpeg,minor,25000,Tata,Altroz,2009,Hatchback
751.jpeg,minor,25000,Hyundai,i20,2005,Hatchback
831.jpeg,minor,25000,Toyota,Corolla,2008,Sedan
906.jpeg,minor,25000,Toyota,Corolla,2011,Sedan
97.jpeg,minor,25000,Hyundai,i20,2010,Hatchback
1042.jpeg,minor,25000,Tata,Nexon,2012,SUV
112.jpeg,minor,25000,Mahindra,XUV300,2016,SUV
1207.jpeg,minor,25000,Mahindra,Scorpio,2017,SUV
1281.jpeg,minor,25000,Tata,Nexon,2024,SUV
1360.jpeg,minor,25000,Honda,City,2019,Sedan
143.jpeg,minor,25000,Mahindra,XUV500,2009,SUV
168.jpeg,minor,25000,Toyota,Innova,2011,MUV
245.jpeg,minor,25000,Honda,City,2014,Sedan
329.jpeg,minor,25000,Honda,City,2025,Sedan
405.jpeg,minor,25000,Maruti,Brezza,2022,SUV
491.jpeg,minor,25000,Mahindra,Scorpio,2021,SUV
57.jpeg,minor,25000,Toyota,Corolla,2006,Sedan
662.jpeg,minor,25000,Honda,City,2014,Sedan
752.jpeg,minor,25000,Hyundai,i20,2011,Hatchback
832.jpeg,minor,25000,Mahindra,Scorpio,2008,SUV
907.jpeg,minor,25000,Toyota,Corolla,2011,Sedan
980.jpeg,minor,25000,Maruti,Brezza,2024,SUV
1043.jpeg,minor,25000,Mahindra,XUV300,2025,SUV
1130.jpeg,minor,25000,Honda,Jazz,2018,Hatchback
1208.jpeg,minor,25000,Mahindra,XUV300,2022,SUV
1282.jpeg,minor,25000,Hyundai,i20,2016,Hatchback
1362.jpeg,minor,25000,Mahindra,XUV500,2006,SUV
1442.jpeg,minor,25000,Honda,Jazz,2007,Hatchback
169.jpeg,minor,25000,Tata,Nexon,2025,SUV
246.jpeg,minor,25000,Toyota,Innova,2017,MUV
32.jpeg,minor,25000,Mahindra,XUV300,2021,SUV
408.jpeg,minor,25000,Honda,Jazz,2017,Hatchback
494.jpeg,minor,25000,Toyota,Camry,2022,Sedan
580.jpeg,minor,25000,Honda,Amaze,2020,Sedan
663.jpeg,minor,25000,Mahindra,XUV300,2019,SUV
753.jpeg,minor,25000,Mahindra,XUV500,2015,SUV
833.jpeg,minor,25000,Honda,City,2007,Sedan
908.jpeg,minor,25000,Mahindra,XUV300,2014,SUV
982.jpeg,minor,25000,Maruti,Baleno,2010,Hatchback
1044.jpeg,minor,25000,Toyota,Camry,2024,Sedan
1131.jpeg,minor,25000,Maruti,Brezza,2018,SUV
1209.jpeg,minor,25000,Maruti,Brezza,2011,SUV
1283.jpeg,minor,25000,Hyundai,i20,2015,Hatchback
1364.jpeg,minor,25000,Tata,Nexon,2024,SUV
1443.jpeg,minor,25000,Hyundai,Creta,2005,SUV
170.jpeg,minor,25000,Tata,Harrier,2022,SUV
247.jpeg,minor,25000,Toyota,Corolla,2018,Sedan
332.jpeg,minor,25000,Honda,Jazz,2011,Hatchback
409.jpeg,minor,25000,Maruti,Baleno,2015,Hatchback
496.jpeg,minor,25000,Mahindra,Scorpio,2016,SUV
581.jpeg,minor,25000,Toyota,Camry,2010,Sedan
664.jpeg,minor,25000,Tata,Altroz,2005,Hatchback
755.jpeg,minor,25000,Hyundai,Creta,2020,SUV
834.jpeg,minor,25000,Maruti,Baleno,2020,Hatchback
909.jpeg,minor,25000,Mahindra,XUV300,2018,SUV
983.jpeg,minor,25000,Tata,Nexon,2010,SUV
1046.jpeg,minor,25000,Tata,Nexon,2023,SUV
1132.jpeg,minor,25000,Mahindra,XUV300,2025,SUV
1211.jpeg,minor,25000,Hyundai,i20,2024,Hatchback
1285.jpeg,minor,25000,Honda,Amaze,2020,Sedan
1366.jpeg,minor,25000,Tata,Harrier,2024,SUV
1444.jpeg,minor,25000,Honda,Jazz,2019,Hatchback
171.jpeg,minor,25000,Mahindra,XUV500,2007,SUV
248.jpeg,minor,25000,Honda,Amaze,2024,Sedan
333.jpeg,minor,25000,Toyota,Corolla,2024,Sedan
410.jpeg,minor,25000,Hyundai,i20,2020,Hatchback
499.jpeg,minor,25000,Mahindra,XUV500,2012,SUV
584.jpeg,minor,25000,Maruti,Swift,2010,Hatchback
665.jpeg,minor,25000,Hyundai,Verna,2019,Sedan
756.jpeg,minor,25000,Maruti,Swift,2025,Hatchback
836.jpeg,minor,25000,Honda,Amaze,2009,Sedan
90.jpeg,minor,25000,Maruti,Baleno,2017,Hatchback
984.jpeg,minor,25000,Hyundai,Verna,2013,Sedan
1047.jpeg,minor,25000,Mahindra,Scorpio,2007,SUV
1133.jpeg,minor,25000,Tata,Nexon,2007,SUV
1212.jpeg,minor,25000,Hyundai,Creta,2014,SUV
1286.jpeg,minor,25000,Toyota,Camry,2021,Sedan
1367.jpeg,minor,25000,Maruti,Baleno,2005,Hatchback
1445.jpeg,minor,25000,Toyota,Corolla,2006,Sedan
172.jpeg,minor,25000,Maruti,Brezza,2011,SUV
249.jpeg,minor,25000,Toyota,Innova,2024,MUV
334.jpeg,minor,25000,Honda,Amaze,2014,Sedan
411.jpeg,minor,25000,Hyundai,i20,2022,Hatchback
4.jpeg,minor,25000,Maruti,Swift,2012,Hatchback
585.jpeg,minor,25000,Maruti,Swift,2005,Hatchback
668.jpeg,minor,25000,Maruti,Brezza,2007,SUV
757.jpeg,minor,25000,Hyundai,i20,2006,Hatchback
837.jpeg,minor,25000,Honda,Jazz,2020,Hatchback
910.jpeg,minor,25000,Tata,Altroz,2018,Hatchback
986.jpeg,minor,25000,Maruti,Swift,2007,Hatchback
1048.jpeg,minor,25000,Toyota,Camry,2024,Sedan
1134.jpeg,minor,25000,Mahindra,XUV500,2025,SUV
1213.jpeg,minor,25000,Honda,City,2024,Sedan
1287.jpeg,minor,25000,Maruti,Baleno,2024,Hatchback
1368.jpeg,minor,25000,Tata,Nexon,2006,SUV
1446.jpeg,minor,25000,Honda,Amaze,2010,Sedan
173.jpeg,minor,25000,Honda,Amaze,2011,Sedan
24.jpeg,minor,25000,Mahindra,XUV500,2024,SUV
335.jpeg,minor,25000,Hyundai,Verna,2023,Sedan
414.jpeg,minor,25000,Toyota,Innova,2019,MUV
500.jpeg,minor,25000,Maruti,Swift,2008,Hatchback
586.jpeg,minor,25000,Hyundai,Creta,2015,SUV
669.jpeg,minor,25000,Maruti,Swift,2021,Hatchback
758.jpeg,minor,25000,Honda,Jazz,2015,Hatchback
83.jpeg,minor,25000,Toyota,Camry,2021,Sedan
911.jpeg,minor,25000,Hyundai,i20,2010,Hatchback
987.jpeg,minor,25000,Maruti,Brezza,2010,SUV
104.jpeg,minor,25000,Toyota,Corolla,2010,Sedan
1136.jpeg,minor,25000,Hyundai,Creta,2007,SUV
1214.jpeg,minor,25000,Hyundai,Creta,2020,SUV
1290.jpeg,minor,25000,Tata,Altroz,2008,Hatchback
1369.jpeg,minor,25000,Tata,Harrier,2017,SUV
1448.jpeg,minor,25000,Honda,Amaze,2007,Sedan
174.jpeg,minor,25000,Hyundai,Creta,2010,SUV
250.jpeg,minor,25000,Toyota,Camry,2014,Sedan
336.jpeg,minor,25000,Mahindra,XUV500,2006,SUV
415.jpeg,minor,25000,Mahindra,XUV500,2023,SUV
501.jpeg,minor,25000,Toyota,Innova,2015,MUV
587.jpeg,minor,25000,Mahindra,XUV500,2010,SUV
66.jpeg,minor,25000,Honda,Jazz,2020,Hatchback
759.jpeg,minor,25000,Honda,Jazz,2011,Hatchback
840.jpeg,minor,25000,Maruti,Baleno,2011,Hatchback
912.jpeg,minor,25000,Mahindra,Scorpio,2019,SUV
988.jpeg,minor,25000,Maruti,Swift,2007,Hatchback
1050.jpeg,minor,25000,Honda,Amaze,2016,Sedan
1137.jpeg,minor,25000,Mahindra,XUV500,2021,SUV
1215.jpeg,minor,25000,Mahindra,XUV500,2018,SUV
1291.jpeg,minor,25000,Toyota,Corolla,2012,Sedan
136.jpeg,minor,25000,Hyundai,Verna,2019,Sedan
1449.jpeg,minor,25000,Honda,Amaze,2021,Sedan
175.jpeg,minor,25000,Tata,Nexon,2007,SUV
252.jpeg,minor,25000,Toyota,Corolla,2012,Sedan
337.jpeg,minor,25000,Hyundai,Creta,2010,SUV
417.jpeg,minor,25000,Hyundai,Creta,2011,SUV
502.jpeg,minor,25000,Toyota,Innova,2013,MUV
588.jpeg,minor,25000,Honda,City,2023,Sedan
670.jpeg,minor,25000,Hyundai,Verna,2016,Sedan
75.jpeg,minor,25000,Maruti,Baleno,2023,Hatchback
841.jpeg,minor,25000,Honda,Jazz,2013,Hatchback
913.jpeg,minor,25000,Toyota,Innova,2016,MUV
989.jpeg,minor,25000,Toyota,Camry,2020,Sedan
1052.jpeg,minor,25000,Mahindra,Scorpio,2020,SUV
1139.jpeg,minor,25000,Honda,Amaze,2013,Sedan
1217.jpeg,minor,25000,Tata,Nexon,2006,SUV
1292.jpeg,minor,25000,Honda,Amaze,2012,Sedan
1370.jpeg,minor,25000,Honda,Amaze,2025,Sedan
144.jpeg,minor,25000,Toyota,Corolla,2010,Sedan
178.jpeg,minor,25000,Honda,Jazz,2022,Hatchback
254.jpeg,minor,25000,Mahindra,Scorpio,2010,SUV
338.jpeg,minor,25000,Honda,Jazz,2016,Hatchback
418.jpeg,minor,25000,Honda,Amaze,2022,Sedan
504.jpeg,minor,25000,Hyundai,i20,2017,Hatchback
589.jpeg,minor,25000,Toyota,Corolla,2018,Sedan
672.jpeg,minor,25000,Toyota,Innova,2007,MUV
760.jpeg,minor,25000,Toyota,Innova,2022,MUV
843.jpeg,minor,25000,Tata,Altroz,2012,Hatchback
915.jpeg,minor,25000,Toyota,Innova,2010,MUV
98.jpeg,minor,25000,Honda,City,2007,Sedan
1053.jpeg,minor,25000,Hyundai,Creta,2017,SUV
113.jpeg,minor,25000,Honda,City,2020,Sedan
1219.jpeg,minor,25000,Tata,Altroz,2005,Hatchback
1294.jpeg,minor,25000,Toyota,Corolla,2012,Sedan
1371.jpeg,minor,25000,Maruti,Baleno,2025,Hatchback
1450.jpeg,minor,25000,Tata,Altroz,2007,Hatchback
179.jpeg,minor,25000,Maruti,Baleno,2022,Hatchback
258.jpeg,minor,25000,Mahindra,XUV300,2019,SUV
340.jpeg,minor,25000,Hyundai,Verna,2021,Sedan
41.jpeg,minor,25000,Tata,Harrier,2011,SUV
506.jpeg,minor,25000,Honda,Amaze,2017,Sedan
591.jpeg,minor,25000,Hyundai,Creta,2015,SUV
673.jpeg,minor,25000,Tata,Harrier,2007,SUV
763.jpeg,minor,25000,Maruti,Baleno,2010,Hatchback
844.jpeg,minor,25000,Maruti,Swift,2006,Hatchback
918.jpeg,minor,25000,Maruti,Swift,2016,Hatchback
990.jpeg,minor,25000,Honda,Amaze,2016,Sedan
1054.jpeg,minor,25000,Hyundai,Verna,2024,Sedan
1140.jpeg,minor,25000,Tata,Nexon,2010,SUV
121.jpeg,minor,25000,Maruti,Brezza,2025,SUV
1295.jpeg,minor,25000,Tata,Nexon,2023,SUV
1372.jpeg,minor,25000,Tata,Harrier,2015,SUV
1452.jpeg,minor,25000,Toyota,Innova,2015,MUV
180.jpeg,minor,25000,Hyundai,i20,2007,Hatchback
25.jpeg,minor,25000,Honda,Amaze,2008,Sedan
341.jpeg,minor,25000,Tata,Harrier,2023,SUV
420.jpeg,minor,25000,Maruti,Swift,2008,Hatchback
507.jpeg,minor,25000,Honda,Amaze,2024,Sedan
592.jpeg,minor,25000,Honda,City,2018,Sedan
674.jpeg,minor,25000,Toyota,Corolla,2011,Sedan
764.jpeg,minor,25000,Tata,Nexon,2025,SUV
845.jpeg,minor,25000,Hyundai,i20,2007,Hatchback
91.jpeg,minor,25000,Hyundai,Creta,2008,SUV
992.jpeg,minor,25000,Maruti,Baleno,2021,Hatchback
1055.jpeg,minor,25000,Mahindra,XUV300,2016,SUV
1141.jpeg,minor,25000,Toyota,Camry,2011,Sedan
1221.jpeg,minor,25000,Mahindra,XUV500,2020,SUV
1297.jpeg,minor,25000,Tata,Nexon,2020,SUV
1373.jpeg,minor,25000,Mahindra,XUV500,2013,SUV
1453.jpeg,minor,25000,Maruti,Baleno,2005,Hatchback
181.jpeg,minor,25000,Hyundai,i20,2023,Hatchback
260.jpeg,minor,25000,Mahindra,XUV500,2014,SUV
342.jpeg,minor,25000,Hyundai,Verna,2015,Sedan
422.jpeg,minor,25000,Toyota,Corolla,2018,Sedan
508.jpeg,minor,25000,Honda,Amaze,2011,Sedan
593.jpeg,minor,25000,Tata,Nexon,2020,SUV
676.jpeg,minor,25000,Hyundai,Verna,2014,Sedan
765.jpeg,minor,25000,Hyundai,Verna,2022,Sedan
846.jpeg,minor,25000,Tata,Nexon,2016,SUV
920.jpeg,minor,25000,Toyota,Corolla,2010,Sedan
995.jpeg,minor,25000,Honda,Jazz,2006,Hatchback
1056.jpeg,minor,25000,Tata,Nexon,2014,SUV
1144.jpeg,minor,25000,Mahindra,Scorpio,2024,SUV
1222.jpeg,minor,25000,Maruti,Brezza,2015,SUV
1298.jpeg,minor,25000,Tata,Harrier,2006,SUV
1374.jpeg,minor,25000,Mahindra,Scorpio,2013,SUV
1454.jpeg,minor,25000,Maruti,Brezza,2008,SUV
182.jpeg,minor,25000,Mahindra,Scorpio,2022,SUV
261.jpeg,minor,25000,Honda,Jazz,2008,Hatchback
343.jpeg,minor,25000,Honda,Amaze,2015,Sedan
423.jpeg,minor,25000,Hyundai,Creta,2009,SUV
509.jpeg,minor,25000,Tata,Harrier,2015,SUV
595.jpeg,minor,25000,Mahindra,XUV500,2011,SUV
677.jpeg,minor,25000,Mahindra,Scorpio,2017,SUV
766.jpeg,minor,25000,Hyundai,i20,2007,Hatchback
847.jpeg,minor,25000,Hyundai,Creta,2015,SUV
921.jpeg,minor,25000,Toyota,Innova,2025,MUV
996.jpeg,minor,25000,Mahindra,XUV500,2013,SUV
1057.jpeg,minor,25000,Honda,Jazz,2007,Hatchback
1145.jpeg,minor,25000,Honda,Amaze,2015,Sedan
1223.jpeg,minor,25000,Tata,Altroz,2010,Hatchback
1299.jpeg,minor,25000,Maruti,Baleno,2013,Hatchback
1375.jpeg,minor,25000,Honda,City,2023,Sedan
1457.jpeg,minor,25000,Honda,City,2016,Sedan
183.jpeg,minor,25000,Hyundai,Verna,2020,Sedan
262.jpeg,minor,25000,Maruti,Brezza,2023,SUV
347.jpeg,minor,25000,Hyundai,i20,2013,Hatchback
424.jpeg,minor,25000,Maruti,Swift,2022,Hatchback
510.jpeg,minor,25000,Toyota,Camry,2006,Sedan
596.jpeg,minor,25000,Honda,Jazz,2024,Hatchback
679.jpeg,minor,25000,Honda,Jazz,2008,Hatchback
76.jpeg,minor,25000,Mahindra,XUV300,2019,SUV
848.jpeg,minor,25000,Toyota,Corolla,2020,Sedan
923.jpeg,minor,25000,Tata,Nexon,2010,SUV
997.jpeg,minor,25000,Mahindra,XUV500,2005,SUV
1058.jpeg,minor,25000,Maruti,Brezza,2019,SUV
1146.jpeg,minor,25000,Toyota,Corolla,2023,Sedan
1224.jpeg,minor,25000,Toyota,Innova,2005,MUV
129.jpeg,minor,25000,Toyota,Corolla,2012,Sedan
1376.jpeg,minor,25000,Toyota,Innova,2013,MUV
145.jpeg,minor,25000,Maruti,Swift,2015,Hatchback
184.jpeg,minor,25000,Honda,City,2023,Sedan
263.jpeg,minor,25000,Maruti,Swift,2006,Hatchback
348.jpeg,minor,25000,Maruti,Swift,2019,Hatchback
426.jpeg,minor,25000,Mahindra,XUV300,2017,SUV
511.jpeg,minor,25000,Mahindra,XUV300,2021,SUV
597.jpeg,minor,25000,Toyota,Corolla,2018,Sedan
681.jpeg,minor,25000,Mahindra,XUV500,2013,SUV
770.jpeg,minor,25000,Tata,Nexon,2013,SUV
84.jpeg,minor,25000,Hyundai,i20,2009,Hatchback
924.jpeg,minor,25000,Hyundai,Creta,2015,SUV
998.jpeg,minor,25000,Tata,Nexon,2010,SUV
1059.jpeg,minor,25000,Mahindra,XUV500,2015,SUV
1147.jpeg,minor,25000,Toyota,Camry,2024,Sedan
1225.jpeg,minor,25000,Hyundai,Creta,2020,SUV
1300.jpeg,minor,25000,Toyota,Corolla,2018,Sedan
1378.jpeg,minor,25000,Honda,Amaze,2011,Sedan
1460.jpeg,minor,25000,Maruti,Brezza,2024,SUV
188.jpeg,minor,25000,Hyundai,i20,2017,Hatchback
264.jpeg,minor,25000,Mahindra,XUV500,2006,SUV
349.jpeg,minor,25000,Hyundai,Creta,2020,SUV
428.jpeg,minor,25000,Hyundai,Verna,2016,Sedan
512.jpeg,minor,25000,Mahindra,XUV500,2023,SUV
598.jpeg,minor,25000,Honda,City,2010,Sedan
682.jpeg,minor,25000,Mahindra,Scorpio,2016,SUV
771.jpeg,minor,25000,Honda,City,2016,Sedan
850.jpeg,minor,25000,Toyota,Camry,2009,Sedan
925.jpeg,minor,25000,Honda,City,2017,Sedan
999.jpeg,minor,25000,Tata,Harrier,2025,SUV
105.jpeg,minor,25000,Honda,Jazz,2010,Hatchback
1148.jpeg,minor,25000,Toyota,Innova,2016,MUV
1226.jpeg,minor,25000,Maruti,Swift,2011,Hatchback
1301.jpeg,minor,25000,Hyundai,i20,2020,Hatchback
1379.jpeg,minor,25000,Tata,Altroz,2007,Hatchback
1462.jpeg,minor,25000,Mahindra,XUV300,2015,SUV
189.jpeg,minor,25000,Honda,City,2005,Sedan
265.jpeg,minor,25000,Toyota,Innova,2018,MUV
34.jpeg,minor,25000,Toyota,Camry,2010,Sedan
429.jpeg,minor,25000,Mahindra,XUV500,2014,SUV
513.jpeg,minor,25000,Tata,Altroz,2018,Hatchback
599.jpeg,minor,25000,Mahindra,XUV300,2015,SUV
684.jpeg,minor,25000,Honda,City,2020,Sedan
772.jpeg,minor,25000,Maruti,Baleno,2020,Hatchback
851.jpeg,minor,25000,Toyota,Camry,2016,Sedan
926.jpeg,minor,25000,Tata,Altroz,2006,Hatchback
99.jpeg,minor,25000,Toyota,Corolla,2014,Sedan
1060.jpeg,minor,25000,Tata,Harrier,2023,SUV
1149.jpeg,minor,25000,Hyundai,i20,2013,Hatchback
1227.jpeg,minor,25000,Tata,Altroz,2024,Hatchback
1302.jpeg,minor,25000,Mahindra,XUV500,2025,SUV
137.jpeg,minor,25000,Toyota,Innova,2012,MUV
1463.jpeg,minor,25000,Hyundai,Verna,2023,Sedan
18.jpeg,minor,25000,Toyota,Innova,2019,MUV
266.jpeg,minor,25000,Honda,City,2019,Sedan
351.jpeg,minor,25000,Mahindra,XUV500,2018,SUV
42.jpeg,minor,25000,Tata,Nexon,2013,SUV
514.jpeg,minor,25000,Toyota,Corolla,2012,Sedan
600.jpeg,minor,25000,Mahindra,XUV300,2015,SUV
685.jpeg,minor,25000,Mahindra,XUV300,2012,SUV
773.jpeg,minor,25000,Toyota,Innova,2021,MUV
852.jpeg,minor,25000,Honda,City,2009,Sedan
927.jpeg,minor,25000,Toyota,Innova,2024,MUV
1062.jpeg,minor,25000,Toyota,Corolla,2019,Sedan
1151.jpeg,minor,25000,Mahindra,XUV300,2010,SUV
1228.jpeg,minor,25000,Maruti,Brezza,2018,SUV
1303.jpeg,minor,25000,Tata,Harrier,2015,SUV
1380.jpeg,minor,25000,Tata,Harrier,2022,SUV
1465.jpeg,minor,25000,Mahindra,XUV300,2010,SUV
190.jpeg,minor,25000,Tata,Harrier,2024,SUV
267.jpeg,minor,25000,Mahindra,XUV300,2013,SUV
352.jpeg,minor,25000,Mahindra,XUV300,2020,SUV
430.jpeg,minor,25000,Hyundai,i20,2008,Hatchback
516.jpeg,minor,25000,Tata,Harrier,2005,SUV
606.jpeg,minor,25000,Hyundai,Verna,2024,Sedan
686.jpeg,minor,25000,Mahindra,Scorpio,2018,SUV
774.jpeg,minor,25000,Toyota,Innova,2016,MUV
853.jpeg,minor,25000,Toyota,Camry,2013,Sedan
928.jpeg,minor,25000,Hyundai,i20,2017,Hatchback
1063.jpeg,minor,25000,Hyundai,i20,2019,Hatchback
1152.jpeg,minor,25000,Hyundai,i20,2025,Hatchback
1229.jpeg,minor,25000,Toyota,Corolla,2019,Sedan
1304.jpeg,minor,25000,Toyota,Innova,2006,MUV
1381.jpeg,minor,25000,Toyota,Camry,2017,Sedan
1466.jpeg,minor,25000,Tata,Harrier,2007,SUV
191.jpeg,minor,25000,Hyundai,Verna,2011,Sedan
268.jpeg,minor,25000,Honda,City,2024,Sedan
353.jpeg,minor,25000,Toyota,Camry,2011,Sedan
431.jpeg,minor,25000,Mahindra,Scorpio,2023,SUV
517.jpeg,minor,25000,Mahindra,XUV500,2021,SUV
607.jpeg,minor,25000,Tata,Altroz,2009,Hatchback
687.jpeg,minor,25000,Honda,Amaze,2015,Sedan
775.jpeg,minor,25000,Tata,Altroz,2016,Hatchback
854.jpeg,minor,25000,Hyundai,Creta,2022,SUV
929.jpeg,minor,25000,Toyota,Corolla,2025,Sedan
1064.jpeg,minor,25000,Maruti,Swift,2013,Hatchback
1153.jpeg,minor,25000,Mahindra,XUV500,2011,SUV
122.jpeg,minor,25000,Hyundai,i20,2024,Hatchback
1305.jpeg,minor,25000,Toyota,Corolla,2016,Sedan
1384.jpeg,minor,25000,Toyota,Corolla,2017,Sedan
1467.jpeg,minor,25000,Maruti,Baleno,2017,Hatchback
192.jpeg,minor,25000,Honda,City,2016,Sedan
269.jpeg,minor,25000,Mahindra,XUV500,2025,SUV
354.jpeg,minor,25000,Hyundai,i20,2017,Hatchback
434.jpeg,minor,25000,Maruti,Swift,2019,Hatchback
518.jpeg,minor,25000,Tata,Altroz,2025,Hatchback
608.jpeg,minor,25000,Honda,Amaze,2023,Sedan
691.jpeg,minor,25000,Hyundai,Verna,2005,Sedan
776.jpeg,minor,25000,Toyota,Corolla,2016,Sedan
855.jpeg,minor,25000,Toyota,Corolla,2005,Sedan
92.jpeg,minor,25000,Toyota,Corolla,2025,Sedan
1065.jpeg,minor,25000,Maruti,Brezza,2013,SUV
1154.jpeg,minor,25000,Hyundai,Creta,2012,SUV
1230.jpeg,minor,25000,Mahindra,XUV500,2017,SUV
1307.jpeg,minor,25000,Maruti,Swift,2009,Hatchback
1385.jpeg,minor,25000,Tata,Harrier,2008,SUV
1468.jpeg,minor,25000,Hyundai,Verna,2005,Sedan
193.jpeg,minor,25000,Hyundai,Creta,2007,SUV
26.jpeg,minor,25000,Honda,Amaze,2024,Sedan
355.jpeg,minor,25000,Maruti,Swift,2008,Hatchback
436.jpeg,minor,25000,Toyota,Camry,2024,Sedan
519.jpeg,minor,25000,Hyundai,Creta,2014,SUV
611.jpeg,minor,25000,Maruti,Baleno,2012,Hatchback
692.jpeg,minor,25000,Tata,Harrier,2019,SUV
777.jpeg,minor,25000,Hyundai,i20,2011,Hatchback
856.jpeg,minor,25000,Hyundai,i20,2009,Hatchback
931.jpeg,minor,25000,Hyundai,Verna,2012,Sedan
1067.jpeg,minor,25000,Toyota,Corolla,2010,Sedan
1155.jpeg,minor,25000,Maruti,Brezza,2009,SUV
1231.jpeg,minor,25000,Hyundai,i20,2025,Hatchback
1308.jpeg,minor,25000,Toyota,Corolla,2020,Sedan
1388.jpeg,minor,25000,Mahindra,XUV300,2011,SUV
1469.jpeg,minor,25000,Toyota,Innova,2015,MUV
195.jpeg,minor,25000,Mahindra,XUV500,2013,SUV
270.jpeg,minor,25000,Honda,Amaze,2005,Sedan
356.jpeg,minor,25000,Mahindra,XUV500,2020,SUV
437.jpeg,minor,25000,Toyota,Innova,2023,MUV
51.jpeg,minor,25000,Mahindra,Scorpio,2022,SUV
612.jpeg,minor,25000,Honda,Jazz,2009,Hatchback
694.jpeg,minor,25000,Mahindra,XUV300,2017,SUV
778.jpeg,minor,25000,Toyota,Camry,2023,Sedan
857.jpeg,minor,25000,Hyundai,Creta,2005,SUV
932.jpeg,minor,25000,Honda,City,2009,Sedan
1068.jpeg,minor,25000,Honda,Jazz,2006,Hatchback
1157.jpeg,minor,25000,Tata,Harrier,2010,SUV
1232.jpeg,minor,25000,Maruti,Swift,2012,Hatchback
1309.jpeg,minor,25000,Tata,Nexon,2018,SUV
138.jpeg,minor,25000,Mahindra,XUV500,2014,SUV
146.jpeg,minor,25000,Toyota,Camry,2014,Sedan
196.jpeg,minor,25000,Tata,Nexon,2019,SUV
272.jpeg,minor,25000,Toyota,Innova,2020,MUV
357.jpeg,minor,25000,Tata,Altroz,2012,Hatchback
438.jpeg,minor,25000,Maruti,Baleno,2021,Hatchback
520.jpeg,minor,25000,Mahindra,XUV500,2012,SUV
613.jpeg,minor,25000,Toyota,Innova,2020,MUV
695.jpeg,minor,25000,Honda,Jazz,2016,Hatchback
779.jpeg,minor,25000,Toyota,Camry,2005,Sedan
85.jpeg,minor,25000,Hyundai,Creta,2009,SUV
933.jpeg,minor,25000,Toyota,Innova,2008,MUV
1069.jpeg,minor,25000,Maruti,Brezza,2015,SUV
1158.jpeg,minor,25000,Honda,Jazz,2016,Hatchback
1233.jpeg,minor,25000,Mahindra,Scorpio,2011,SUV
130.jpeg,minor,25000,Honda,Amaze,2021,Sedan
1390.jpeg,minor,25000,Maruti,Swift,2020,Hatchback
1471.jpeg,minor,25000,Honda,City,2024,Sedan
197.jpeg,minor,25000,Toyota,Innova,2012,MUV
274.jpeg,minor,25000,Mahindra,XUV500,2008,SUV
358.jpeg,minor,25000,Toyota,Corolla,2021,Sedan
439.jpeg,minor,25000,Maruti,Baleno,2018,Hatchback
521.jpeg,minor,25000,Toyota,Innova,2007,MUV
614.jpeg,minor,25000,Hyundai,Verna,2007,Sedan
696.jpeg,minor,25000,Honda,Amaze,2008,Sedan
780.jpeg,minor,25000,Maruti,Baleno,2009,Hatchback
861.jpeg,minor,25000,Maruti,Brezza,2011,SUV
934.jpeg,minor,25000,Toyota,Corolla,2019,Sedan
106.jpeg,minor,25000,Maruti,Brezza,2008,SUV
115.jpeg,minor,25000,Tata,Nexon,2022,SUV
1234.jpeg,minor,25000,Mahindra,XUV500,2005,SUV
1310.jpeg,minor,25000,Maruti,Brezza,2015,SUV
1391.jpeg,minor,25000,Tata,Nexon,2025,SUV
1472.jpeg,minor,25000,Toyota,Corolla,2005,Sedan
198.jpeg,minor,25000,Toyota,Innova,2009,MUV
275.jpeg,minor,25000,Honda,Amaze,2008,Sedan
359.jpeg,minor,25000,Honda,Jazz,2014,Hatchback
43.jpeg,minor,25000,Mahindra,XUV500,2024,SUV
522.jpeg,minor,25000,Hyundai,Creta,2021,SUV
615.jpeg,minor,25000,Maruti,Swift,2019,Hatchback
697.jpeg,minor,25000,Tata,Nexon,2022,SUV
781.jpeg,minor,25000,Mahindra,XUV500,2015,SUV
863.jpeg,minor,25000,Mahindra,Scorpio,2021,SUV
936.jpeg,minor,25000,Mahindra,XUV500,2017,SUV
1070.jpeg,minor,25000,Hyundai,Creta,2007,SUV
1160.jpeg,minor,25000,Toyota,Corolla,2006,Sedan
1235.jpeg,minor,25000,Honda,Amaze,2006,Sedan
1312.jpeg,minor,25000,Tata,Altroz,2005,Hatchback
1392.jpeg,minor,25000,Toyota,Camry,2015,Sedan
1474.jpeg,minor,25000,Hyundai,Verna,2012,Sedan
199.jpeg,minor,25000,Maruti,Brezza,2007,SUV
276.jpeg,minor,25000,Honda,Jazz,2021,Hatchback
35.jpeg,minor,25000,Toyota,Innova,2012,MUV
441.jpeg,minor,25000,Toyota,Corolla,2019,Sedan
524.jpeg,minor,25000,Maruti,Brezza,2005,SUV
616.jpeg,minor,25000,Tata,Nexon,2010,SUV
6.jpeg,minor,25000,Maruti,Swift,2014,Hatchback
783.jpeg,minor,25000,Honda,Amaze,2010,Sedan
866.jpeg,minor,25000,Honda,City,2019,Sedan
937.jpeg,minor,25000,Maruti,Swift,2013,Hatchback
1072.jpeg,minor,25000,Hyundai,i20,2022,Hatchback
1161.jpeg,minor,25000,Honda,Jazz,2018,Hatchback
1238.jpeg,minor,25000,Honda,City,2024,Sedan
1313.jpeg,minor,25000,Honda,Amaze,2022,Sedan
1393.jpeg,minor,25000,Mahindra,XUV500,2018,SUV
1475.jpeg,minor,25000,Honda,Amaze,2006,Sedan
1.jpeg,minor,25000,Maruti,Baleno,2010,Hatchback
277.jpeg,minor,25000,Maruti,Baleno,2010,Hatchback
360.jpeg,minor,25000,Mahindra,XUV300,2017,SUV
442.jpeg,minor,25000,Hyundai,Verna,2011,Sedan
525.jpeg,minor,25000,Hyundai,Creta,2006,SUV
617.jpeg,minor,25000,Honda,Amaze,2014,Sedan
700.jpeg,minor,25000,Toyota,Innova,2015,MUV
784.jpeg,minor,25000,Maruti,Brezza,2005,SUV
868.jpeg,minor,25000,Hyundai,i20,2022,Hatchback
939.jpeg,minor,25000,Tata,Altroz,2013,Hatchback
1076.jpeg,minor,25000,Maruti,Brezza,2018,SUV
1162.jpeg,minor,25000,Tata,Nexon,2023,SUV
1239.jpeg,minor,25000,Honda,Amaze,2009,Sedan
1314.jpeg,minor,25000,Honda,City,2011,Sedan
1395.jpeg,minor,25000,Hyundai,Verna,2024,Sedan
1476.jpeg,minor,25000,Honda,City,2020,Sedan
202.jpeg,minor,25000,Toyota,Camry,2006,Sedan
279.jpeg,minor,25000,Honda,Amaze,2024,Sedan
361.jpeg,minor,25000,Hyundai,Creta,2007,SUV
443.jpeg,minor,25000,Tata,Altroz,2020,Hatchback
527.jpeg,minor,25000,Honda,Jazz,2016,Hatchback
618.jpeg,minor,25000,Maruti,Baleno,2023,Hatchback
701.jpeg,minor,25000,Tata,Harrier,2023,SUV
785.jpeg,minor,25000,Honda,Jazz,2009,Hatchback
869.jpeg,minor,25000,Mahindra,Scorpio,2013,SUV
93.jpeg,minor,25000,Hyundai,i20,2016,Hatchback
1078.jpeg,minor,25000,Tata,Harrier,2010,SUV
1164.jpeg,minor,25000,Toyota,Corolla,2023,Sedan
123.jpeg,minor,25000,Honda,Jazz,2021,Hatchback
1315.jpeg,minor,25000,Toyota,Innova,2016,MUV
1397.jpeg,minor,25000,Mahindra,Scorpio,2008,SUV
1477.jpeg,minor,25000,Honda,Jazz,2013,Hatchback
204.jpeg,minor,25000,Mahindra,XUV300,2018,SUV
27.jpeg,minor,25000,Tata,Altroz,2007,Hatchback
364.jpeg,minor,25000,Hyundai,i20,2020,Hatchback
444.jpeg,minor,25000,Tata,Nexon,2005,SUV
528.jpeg,minor,25000,Mahindra,XUV300,2014,SUV
620.jpeg,minor,25000,Honda,Amaze,2025,Sedan
702.jpeg,minor,25000,Hyundai,i20,2018,Hatchback
786.jpeg,minor,25000,Honda,Amaze,2014,Sedan
86.jpeg,minor,25000,Honda,City,2018,Sedan
941.jpeg,minor,25000,Toyota,Camry,2012,Sedan
1079.jpeg,minor,25000,Mahindra,XUV300,2020,SUV
1165.jpeg,minor,25000,Tata,Nexon,2015,SUV
1240.jpeg,minor,25000,Hyundai,Verna,2011,Sedan
1317.jpeg,minor,25000,Honda,Jazz,2005,Hatchback
1399.jpeg,minor,25000,Maruti,Baleno,2016,Hatchback
1478.jpeg,minor,25000,Honda,Jazz,2017,Hatchback
205.jpeg,minor,25000,Mahindra,Scorpio,2017,SUV
280.jpeg,minor,25000,Mahindra,XUV500,2010,SUV
366.jpeg,minor,25000,Hyundai,Creta,2018,SUV
445.jpeg,minor,25000,Hyundai,i20,2007,Hatchback
529.jpeg,minor,25000,Toyota,Innova,2006,MUV
621.jpeg,minor,25000,Honda,Amaze,2014,Sedan
704.jpeg,minor,25000,Honda,City,2013,Sedan
787.jpeg,minor,25000,Toyota,Corolla,2011,Sedan
870.jpeg,minor,25000,Honda,Amaze,2014,Sedan
942.jpeg,minor,25000,Maruti,Baleno,2018,Hatchback
