filename,make,model,year,type,severity,cost
images/0.jpeg,Maruti,Dzire,2021,MUV,moderate,13848
images/1.jpeg,Honda,City,2013,Premium,minor,2200
images/2.jpeg,Tata,Altroz,2010,MUV,minor,8200
images/3.jpeg,Mahindra,Scorpio,2011,MUV,moderate,26798
images/4.jpeg,Hyundai,i20,2016,MUV,moderate,25326
images/5.jpeg,Hyundai,Creta,2023,Premium,minor,8470
images/6.jpeg,Tata,Nexon,2009,Electric,severe,83652
images/7.jpeg,Tata,Altroz,2008,Sedan,severe,52128
images/8.jpeg,Maruti,Baleno,2015,Premium,moderate,23861
images/9.jpeg,Maruti,Baleno,2019,SUV,minor,3961
images/10.jpeg,Toyota,Camry,2013,Sedan,severe,87971
images/11.jpeg,Tata,Altroz,2011,MUV,moderate,18722
images/12.jpeg,Tata,Altroz,2009,Sedan,moderate,13618
images/13.jpeg,Honda,City,2009,Sedan,severe,87110
images/14.jpeg,Tata,Nexon,2016,Premium,minor,5675
images/15.jpeg,Maruti,Swift,2009,Sedan,moderate,18971
images/16.jpeg,Hyundai,i20,2006,Electric,severe,43292
images/17.jpeg,Tata,Nexon,2018,MUV,moderate,13776
images/18.jpeg,Maruti,Dzire,2017,MUV,minor,5784
images/19.jpeg,Maruti,Baleno,2009,Electric,minor,6052
images/20.jpeg,Maruti,Baleno,2009,MUV,severe,94711
images/21.jpeg,Hyundai,Creta,2011,Sedan,moderate,18930
images/22.jpeg,Honda,City,2023,SUV,moderate,23492
images/23.jpeg,Hyundai,Verna,2015,Electric,moderate,23547
images/24.jpeg,Toyota,Fortuner,2005,Electric,minor,2076
images/25.jpeg,Tata,Nexon,2022,Premium,minor,8108
images/26.jpeg,Honda,WR-V,2014,Hatchback,minor,8963
images/27.jpeg,Mahindra,Thar,2006,Premium,minor,3108
images/28.jpeg,Toyota,Corolla,2014,SUV,moderate,21258
images/29.jpeg,Maruti,Dzire,2007,MUV,minor,7974
images/30.jpeg,Hyundai,Creta,2007,Premium,moderate,20707
images/31.jpeg,Mahindra,Scorpio,2005,Hatchback,severe,73140
images/32.jpeg,Maruti,Swift,2013,Premium,minor,9447
images/33.jpeg,Mahindra,XUV500,2021,Electric,severe,62063
images/34.jpeg,Hyundai,Creta,2022,MUV,severe,82656
images/35.jpeg,Maruti,Baleno,2018,Sedan,severe,55128
images/36.jpeg,Hyundai,Verna,2015,Sedan,moderate,18148
images/37.jpeg,Maruti,Dzire,2007,Electric,minor,9776
images/38.jpeg,Hyundai,i20,2019,MUV,moderate,28912
images/39.jpeg,Hyundai,Verna,2010,Sedan,severe,71901
images/40.jpeg,Toyota,Camry,2006,Premium,severe,60796
images/41.jpeg,Honda,Civic,2014,MUV,severe,94519
images/42.jpeg,Honda,City,2011,Premium,severe,52002
images/43.jpeg,Toyota,Camry,2017,Electric,severe,49130
images/44.jpeg,Mahindra,Scorpio,2020,Electric,minor,5903
images/45.jpeg,Mahindra,XUV500,2017,SUV,severe,49115
images/46.jpeg,Tata,Altroz,2007,Hatchback,severe,87989
images/47.jpeg,Maruti,Baleno,2013,Premium,minor,6710
images/48.jpeg,Hyundai,Verna,2023,Electric,minor,6577
images/49.jpeg,Hyundai,Verna,2018,Premium,severe,33423
images/50.jpeg,Toyota,Fortuner,2010,Sedan,severe,86687
images/51.jpeg,Maruti,Baleno,2017,Premium,moderate,16979
images/52.jpeg,Hyundai,Verna,2018,SUV,moderate,23113
images/53.jpeg,Tata,Nexon,2018,MUV,severe,63812
images/54.jpeg,Mahindra,Thar,2008,Sedan,severe,92334
images/55.jpeg,Toyota,Corolla,2008,MUV,severe,48553
images/56.jpeg,Tata,Altroz,2018,MUV,moderate,16493
images/57.jpeg,Toyota,Camry,2017,Sedan,minor,5493
images/58.jpeg,Hyundai,Creta,2016,Hatchback,moderate,14499
images/59.jpeg,Mahindra,XUV500,2021,Premium,moderate,13993
images/60.jpeg,Mahindra,XUV500,2023,MUV,severe,81995
images/61.jpeg,Maruti,Swift,2010,Hatchback,severe,59086
images/62.jpeg,Tata,Altroz,2009,MUV,minor,2633
images/63.jpeg,Hyundai,i20,2006,MUV,severe,33570
images/64.jpeg,Mahindra,Scorpio,2008,Premium,minor,8068
images/65.jpeg,Hyundai,Creta,2011,SUV,moderate,14684
images/66.jpeg,Honda,Civic,2023,MUV,severe,73704
images/67.jpeg,Maruti,Swift,2021,Hatchback,severe,87025
images/68.jpeg,Maruti,Swift,2007,MUV,severe,92605
images/69.jpeg,Hyundai,i20,2020,MUV,minor,9610
images/70.jpeg,Mahindra,Scorpio,2012,Sedan,moderate,15971
images/71.jpeg,Tata,Altroz,2019,MUV,moderate,22280
images/72.jpeg,Tata,Altroz,2014,SUV,minor,2036
images/73.jpeg,Tata,Altroz,2008,Hatchback,moderate,11690
images/74.jpeg,Maruti,Baleno,2009,SUV,severe,88344
images/75.jpeg,Tata,Nexon,2018,Premium,moderate,25379
images/76.jpeg,Mahindra,Scorpio,2010,Hatchback,moderate,17610
images/77.jpeg,Mahindra,Scorpio,2011,MUV,severe,40704
images/78.jpeg,Hyundai,i20,2018,SUV,minor,6099
images/79.jpeg,Hyundai,i20,2015,SUV,moderate,11269
images/80.jpeg,Hyundai,Verna,2006,Electric,severe,86098
images/81.jpeg,Maruti,Dzire,2016,Hatchback,moderate,24335
images/82.jpeg,Maruti,Swift,2009,Electric,severe,42518
images/83.jpeg,Maruti,Dzire,2021,Hatchback,moderate,12985
images/84.jpeg,Toyota,Camry,2006,MUV,minor,3509
images/85.jpeg,Hyundai,Creta,2005,Premium,minor,9347
images/86.jpeg,Toyota,Camry,2019,Hatchback,moderate,17827
images/87.jpeg,Honda,Civic,2011,Electric,minor,2904
images/88.jpeg,Mahindra,XUV500,2015,MUV,minor,2981
images/89.jpeg,Tata,Altroz,2010,Premium,severe,32906
images/90.jpeg,Hyundai,Creta,2008,SUV,severe,59292
images/91.jpeg,Tata,Altroz,2012,Sedan,minor,3176
images/92.jpeg,Toyota,Camry,2012,Electric,moderate,28705
images/93.jpeg,Mahindra,Thar,2016,SUV,severe,67919
images/94.jpeg,Maruti,Dzire,2023,Hatchback,moderate,13203
images/95.jpeg,Maruti,Baleno,2017,Hatchback,moderate,18288
images/96.jpeg,Toyota,Corolla,2015,SUV,moderate,19588
images/97.jpeg,Tata,Nexon,2005,Electric,moderate,28208
images/98.jpeg,Maruti,Swift,2012,Electric,severe,54849
images/99.jpeg,Hyundai,Verna,2012,MUV,severe,75058
images/100.jpeg,Honda,WR-V,2023,SUV,severe,39708
images/101.jpeg,Tata,Harrier,2015,Premium,minor,2109
images/102.jpeg,Maruti,Baleno,2016,SUV,minor,4227
images/103.jpeg,Mahindra,Thar,2020,Sedan,moderate,29037
images/104.jpeg,Toyota,Corolla,2007,Premium,severe,87927
images/105.jpeg,Toyota,Corolla,2021,Hatchback,moderate,13349
images/106.jpeg,Hyundai,Creta,2023,Electric,moderate,20417
images/107.jpeg,Hyundai,i20,2011,Sedan,moderate,26524
images/108.jpeg,Toyota,Corolla,2015,SUV,severe,43884
images/109.jpeg,Honda,City,2011,Sedan,severe,73051
images/110.jpeg,Maruti,Dzire,2005,Hatchback,moderate,15458
images/111.jpeg,Hyundai,Creta,2016,MUV,minor,6825
images/112.jpeg,Mahindra,XUV500,2007,Electric,moderate,24060
images/113.jpeg,Toyota,Camry,2006,Premium,moderate,20291
images/114.jpeg,Mahindra,Thar,2012,Electric,severe,54517
images/115.jpeg,Mahindra,XUV500,2006,MUV,moderate,19092
images/116.jpeg,Maruti,Swift,2018,SUV,severe,38035
images/117.jpeg,Tata,Nexon,2005,Sedan,moderate,25392
images/118.jpeg,Maruti,Dzire,2005,Electric,minor,7687
images/119.jpeg,Mahindra,Scorpio,2009,Sedan,minor,2288
images/120.jpeg,Hyundai,Verna,2018,Sedan,severe,47657
images/121.jpeg,Honda,City,2013,Hatchback,minor,6896
images/122.jpeg,Maruti,Swift,2013,Sedan,severe,66513
images/123.jpeg,Maruti,Swift,2010,SUV,moderate,27906
images/124.jpeg,Tata,Nexon,2020,Premium,minor,4913
images/125.jpeg,Honda,Civic,2006,MUV,severe,42293
images/126.jpeg,Hyundai,Verna,2015,SUV,severe,50163
images/127.jpeg,Toyota,Camry,2014,Electric,severe,47576
images/128.jpeg,Mahindra,XUV500,2021,Electric,severe,79795
images/129.jpeg,Mahindra,Thar,2015,Premium,severe,33921
images/130.jpeg,Mahindra,Thar,2014,Hatchback,severe,57577
images/131.jpeg,Maruti,Swift,2012,Hatchback,severe,44167
images/132.jpeg,Toyota,Fortuner,2021,Premium,minor,3539
images/133.jpeg,Mahindra,XUV500,2012,SUV,moderate,23493
images/134.jpeg,Tata,Harrier,2022,SUV,severe,87433
images/135.jpeg,Hyundai,Verna,2008,Premium,moderate,26461
images/136.jpeg,Tata,Nexon,2012,Electric,severe,67934
images/137.jpeg,Mahindra,Scorpio,2011,Sedan,moderate,14133
images/138.jpeg,Toyota,Corolla,2016,MUV,severe,75366
images/139.jpeg,Tata,Nexon,2023,MUV,severe,82801
images/140.jpeg,Toyota,Corolla,2021,Premium,moderate,16525
images/141.jpeg,Maruti,Baleno,2013,Premium,moderate,20485
images/142.jpeg,Honda,City,2014,Electric,severe,31687
images/143.jpeg,Hyundai,i20,2018,Hatchback,moderate,29769
images/144.jpeg,Tata,Harrier,2013,Premium,moderate,28584
images/145.jpeg,Maruti,Swift,2016,Sedan,minor,2674
images/146.jpeg,Toyota,Corolla,2016,Electric,moderate,10878
images/147.jpeg,Hyundai,Verna,2017,MUV,severe,81987
images/148.jpeg,Mahindra,XUV500,2009,Premium,moderate,21036
images/149.jpeg,Toyota,Corolla,2017,SUV,severe,33910
images/150.jpeg,Toyota,Fortuner,2006,Electric,moderate,11144
images/151.jpeg,Mahindra,Scorpio,2011,Sedan,moderate,16123
images/152.jpeg,Honda,WR-V,2019,MUV,severe,52886
images/153.jpeg,Maruti,Swift,2016,MUV,minor,7146
images/154.jpeg,Maruti,Dzire,2013,SUV,severe,34676
images/155.jpeg,Toyota,Corolla,2015,SUV,severe,90580
images/156.jpeg,Tata,Harrier,2012,Hatchback,minor,9282
images/157.jpeg,Tata,Harrier,2016,Sedan,minor,4504
images/158.jpeg,Honda,Civic,2022,Premium,minor,5648
images/159.jpeg,Hyundai,Creta,2023,SUV,minor,8323
images/160.jpeg,Tata,Harrier,2019,Electric,minor,6004
images/161.jpeg,Mahindra,Thar,2022,Sedan,moderate,18104
images/162.jpeg,Maruti,Baleno,2011,Hatchback,moderate,26335
images/163.jpeg,Hyundai,Creta,2020,Electric,severe,91062
images/164.jpeg,Hyundai,Verna,2005,SUV,moderate,15100
images/165.jpeg,Honda,Civic,2022,Premium,moderate,20037
images/166.jpeg,Hyundai,i20,2012,MUV,minor,2381
images/167.jpeg,Hyundai,i20,2010,Electric,moderate,18317
images/168.jpeg,Honda,Civic,2011,Electric,minor,5879
images/169.jpeg,Honda,Civic,2015,Electric,severe,95186
images/170.jpeg,Hyundai,Creta,2016,Electric,severe,52662
images/171.jpeg,Hyundai,i20,2006,Hatchback,minor,9488
images/172.jpeg,Mahindra,Thar,2017,MUV,moderate,22363
images/173.jpeg,Hyundai,Creta,2020,Electric,severe,88154
images/174.jpeg,Maruti,Dzire,2008,Premium,severe,46256
images/175.jpeg,Maruti,Swift,2014,SUV,severe,52814
images/176.jpeg,Tata,Harrier,2017,Hatchback,minor,5092
images/177.jpeg,Mahindra,Scorpio,2023,Hatchback,severe,92878
images/178.jpeg,Toyota,Corolla,2006,MUV,severe,87286
images/179.jpeg,Tata,Altroz,2009,Sedan,moderate,13398
images/180.jpeg,Toyota,Camry,2015,MUV,severe,64650
images/181.jpeg,Honda,WR-V,2019,Sedan,moderate,27192
images/182.jpeg,Tata,Harrier,2018,Premium,minor,7766
images/183.jpeg,Tata,Nexon,2020,Premium,moderate,25181
images/184.jpeg,Hyundai,Verna,2009,Electric,severe,91919
images/185.jpeg,Mahindra,Scorpio,2018,Sedan,severe,33893
images/186.jpeg,Honda,Civic,2023,Hatchback,minor,3010
images/187.jpeg,Honda,City,2015,Hatchback,minor,5000
images/188.jpeg,Tata,Nexon,2007,Electric,severe,35014
images/189.jpeg,Toyota,Fortuner,2005,MUV,minor,3720
images/190.jpeg,Hyundai,i20,2021,MUV,moderate,24592
images/191.jpeg,Toyota,Camry,2023,Hatchback,moderate,10338
images/192.jpeg,Tata,Harrier,2013,Electric,moderate,17571
images/193.jpeg,Maruti,Dzire,2009,MUV,severe,36821
images/194.jpeg,Maruti,Dzire,2023,Hatchback,severe,38741
images/195.jpeg,Maruti,Dzire,2021,Electric,minor,5117
images/196.jpeg,Mahindra,Scorpio,2017,Electric,moderate,26117
images/197.jpeg,Mahindra,Scorpio,2016,Sedan,minor,6853
images/198.jpeg,Toyota,Corolla,2023,MUV,severe,63109
images/199.jpeg,Toyota,Camry,2018,Hatchback,severe,73690
images/200.jpeg,Toyota,Corolla,2010,SUV,moderate,25381
images/201.jpeg,Maruti,Swift,2017,SUV,minor,4845
images/202.jpeg,Maruti,Dzire,2010,Hatchback,minor,6703
images/203.jpeg,Tata,Altroz,2010,Sedan,moderate,22293
images/204.jpeg,Honda,WR-V,2023,MUV,moderate,14434
images/205.jpeg,Tata,Altroz,2016,SUV,severe,33068
images/206.jpeg,Mahindra,Thar,2007,Premium,severe,80655
images/207.jpeg,Mahindra,Thar,2014,MUV,minor,6283
images/208.jpeg,Hyundai,Verna,2017,Hatchback,moderate,23655
images/209.jpeg,Honda,City,2013,MUV,severe,82018
images/210.jpeg,Maruti,Swift,2008,Sedan,severe,48965
images/211.jpeg,Tata,Nexon,2013,MUV,moderate,11783
images/212.jpeg,Maruti,Dzire,2005,SUV,minor,5027
images/213.jpeg,Hyundai,i20,2020,SUV,minor,8059
images/214.jpeg,Toyota,Fortuner,2018,Premium,minor,9217
images/215.jpeg,Toyota,Camry,2010,Sedan,minor,2791
images/216.jpeg,Toyota,Camry,2018,SUV,minor,9106
images/217.jpeg,Maruti,Dzire,2023,Hatchback,minor,8121
images/218.jpeg,Tata,Altroz,2013,Premium,severe,62506
images/219.jpeg,Mahindra,Scorpio,2009,SUV,moderate,15335
images/220.jpeg,Hyundai,Creta,2016,Sedan,severe,48905
images/221.jpeg,Maruti,Baleno,2019,Hatchback,minor,8057
images/222.jpeg,Hyundai,Creta,2009,Electric,severe,47420
images/223.jpeg,Honda,City,2011,Hatchback,severe,69093
images/224.jpeg,Hyundai,i20,2022,Electric,minor,6760
images/225.jpeg,Maruti,Dzire,2020,Hatchback,minor,4498
images/226.jpeg,Tata,Harrier,2019,SUV,severe,83374
images/227.jpeg,Honda,Civic,2016,Hatchback,minor,4079
images/228.jpeg,Tata,Nexon,2007,MUV,severe,90106
images/229.jpeg,Maruti,Dzire,2008,Hatchback,severe,96355
images/230.jpeg,Mahindra,XUV500,2011,SUV,severe,49427
images/231.jpeg,Toyota,Camry,2022,Sedan,moderate,22847
images/232.jpeg,Mahindra,Scorpio,2021,Hatchback,severe,68903
images/233.jpeg,Hyundai,Verna,2015,Hatchback,severe,92047
images/234.jpeg,Toyota,Fortuner,2008,MUV,moderate,18505
images/235.jpeg,Mahindra,Thar,2008,Sedan,severe,95222
images/236.jpeg,Toyota,Corolla,2021,Premium,severe,88681
images/237.jpeg,Toyota,Fortuner,2012,SUV,minor,8043
images/238.jpeg,Toyota,Corolla,2013,Hatchback,minor,9084
images/239.jpeg,Hyundai,i20,2014,Hatchback,severe,31939
images/240.jpeg,Honda,City,2018,SUV,minor,9173
images/241.jpeg,Tata,Harrier,2005,Hatchback,moderate,11780
images/242.jpeg,Mahindra,XUV500,2011,Premium,severe,96595
images/243.jpeg,Hyundai,i20,2022,Sedan,moderate,25976
images/244.jpeg,Hyundai,Creta,2019,Hatchback,moderate,18380
images/245.jpeg,Honda,City,2016,Sedan,severe,32140
images/246.jpeg,Maruti,Dzire,2008,MUV,moderate,10171
images/247.jpeg,Hyundai,Creta,2006,Premium,severe,63402
images/248.jpeg,Honda,City,2005,Premium,minor,6376
images/249.jpeg,Maruti,Dzire,2011,Premium,moderate,10621
images/250.jpeg,Maruti,Baleno,2017,Premium,severe,48721
images/251.jpeg,Mahindra,Thar,2007,SUV,severe,92097
images/252.jpeg,Toyota,Corolla,2013,Premium,moderate,11893
images/253.jpeg,Tata,Nexon,2014,MUV,moderate,10815
images/254.jpeg,Hyundai,i20,2018,Electric,moderate,25130
images/255.jpeg,Maruti,Dzire,2014,SUV,minor,3977
images/256.jpeg,Mahindra,XUV500,2017,Electric,severe,31980
images/257.jpeg,Honda,City,2020,Hatchback,minor,6409
images/258.jpeg,Maruti,Swift,2022,Hatchback,minor,7927
images/259.jpeg,Toyota,Corolla,2010,Premium,severe,73852
images/260.jpeg,Maruti,Dzire,2010,MUV,severe,56492
images/261.jpeg,Honda,Civic,2007,Hatchback,minor,9412
images/262.jpeg,Mahindra,XUV500,2017,Premium,severe,47201
images/263.jpeg,Honda,Civic,2012,MUV,moderate,13629
images/264.jpeg,Mahindra,Scorpio,2006,Premium,minor,8307
images/265.jpeg,Toyota,Camry,2007,Premium,moderate,10332
images/266.jpeg,Honda,Civic,2010,Hatchback,moderate,27292
images/267.jpeg,Maruti,Baleno,2005,Premium,severe,60912
images/268.jpeg,Mahindra,XUV500,2007,MUV,minor,9805
images/269.jpeg,Mahindra,Scorpio,2009,Sedan,severe,43688
images/270.jpeg,Maruti,Swift,2008,SUV,moderate,16113
images/271.jpeg,Honda,Civic,2021,Hatchback,severe,59131
images/272.jpeg,Hyundai,i20,2018,Premium,moderate,15718
images/273.jpeg,Hyundai,Verna,2019,Hatchback,moderate,26076
images/274.jpeg,Mahindra,XUV500,2019,Premium,severe,74314
images/275.jpeg,Toyota,Fortuner,2020,Premium,minor,3373
images/276.jpeg,Honda,WR-V,2020,SUV,moderate,20000
images/277.jpeg,Maruti,Swift,2022,Hatchback,severe,61491
images/278.jpeg,Mahindra,XUV500,2008,SUV,severe,94189
images/279.jpeg,Hyundai,Verna,2016,Hatchback,moderate,19947
images/280.jpeg,Honda,Civic,2011,MUV,severe,85361
images/281.jpeg,Toyota,Corolla,2015,Premium,severe,90927
images/282.jpeg,Mahindra,Thar,2007,Premium,severe,55422
images/283.jpeg,Maruti,Baleno,2017,SUV,minor,5923
images/284.jpeg,Hyundai,Verna,2023,MUV,minor,8491
images/285.jpeg,Mahindra,XUV500,2007,SUV,minor,6062
images/286.jpeg,Toyota,Camry,2017,Sedan,minor,6947
images/287.jpeg,Tata,Nexon,2010,MUV,minor,9439
images/288.jpeg,Tata,Harrier,2021,SUV,moderate,26854
images/289.jpeg,Maruti,Dzire,2018,Sedan,severe,51503
images/290.jpeg,Toyota,Camry,2013,SUV,severe,75407
images/291.jpeg,Toyota,Fortuner,2013,MUV,moderate,20462
images/292.jpeg,Honda,Civic,2019,Electric,moderate,16433
images/293.jpeg,Mahindra,Scorpio,2017,Electric,severe,87982
images/294.jpeg,Mahindra,Scorpio,2005,SUV,moderate,19007
images/295.jpeg,Honda,Civic,2017,Hatchback,moderate,10632
images/296.jpeg,Tata,Nexon,2011,MUV,moderate,10138
images/297.jpeg,Tata,Altroz,2021,Sedan,moderate,21713
images/298.jpeg,Maruti,Dzire,2010,Premium,minor,7845
images/299.jpeg,Tata,Harrier,2016,Electric,moderate,11813
images/300.jpeg,Hyundai,Verna,2020,Electric,moderate,13397
images/301.jpeg,Maruti,Baleno,2021,Hatchback,minor,6492
images/302.jpeg,Honda,Civic,2021,Hatchback,severe,48329
images/303.jpeg,Toyota,Camry,2012,SUV,minor,9129
images/304.jpeg,Hyundai,i20,2005,SUV,severe,41178
images/305.jpeg,Honda,Civic,2011,Premium,severe,66260
images/306.jpeg,Mahindra,Scorpio,2018,Sedan,severe,31053
images/307.jpeg,Toyota,Camry,2015,SUV,moderate,16072
images/308.jpeg,Maruti,Baleno,2023,Electric,moderate,22881
images/309.jpeg,Hyundai,Creta,2021,SUV,moderate,26365
images/310.jpeg,Mahindra,Thar,2022,Premium,severe,77152
images/311.jpeg,Mahindra,Scorpio,2012,Premium,severe,58527
images/312.jpeg,Hyundai,Verna,2007,Electric,minor,7879
images/313.jpeg,Tata,Harrier,2005,Electric,moderate,11364
images/314.jpeg,Honda,City,2015,Premium,minor,2341
images/315.jpeg,Mahindra,XUV500,2005,Premium,severe,40586
images/316.jpeg,Maruti,Baleno,2009,SUV,minor,9759
images/317.jpeg,Honda,Civic,2018,MUV,severe,66776
images/318.jpeg,Maruti,Dzire,2019,Hatchback,moderate,27337
images/319.jpeg,Honda,WR-V,2022,Sedan,minor,5214
images/320.jpeg,Hyundai,i20,2022,Hatchback,minor,5569
images/321.jpeg,Tata,Harrier,2006,MUV,severe,64976
images/322.jpeg,Tata,Harrier,2018,Sedan,moderate,22949
images/323.jpeg,Honda,Civic,2018,MUV,moderate,15578
images/324.jpeg,Toyota,Camry,2007,SUV,severe,45186
images/325.jpeg,Tata,Altroz,2014,Premium,minor,6902
images/326.jpeg,Mahindra,Thar,2005,Hatchback,severe,94609
images/327.jpeg,Mahindra,Thar,2005,Sedan,severe,76968
images/328.jpeg,Maruti,Baleno,2013,Premium,minor,4697
images/329.jpeg,Toyota,Fortuner,2017,MUV,moderate,22045
images/330.jpeg,Tata,Altroz,2005,MUV,minor,8084
images/331.jpeg,Toyota,Fortuner,2014,Electric,moderate,10440
images/332.jpeg,Honda,City,2023,SUV,severe,98934
images/333.jpeg,Toyota,Fortuner,2022,Premium,severe,85164
images/334.jpeg,Hyundai,Verna,2020,Hatchback,minor,3815
images/335.jpeg,Maruti,Baleno,2008,Premium,minor,9320
images/336.jpeg,Toyota,Camry,2015,Hatchback,severe,49905
images/337.jpeg,Honda,WR-V,2015,SUV,severe,79587
images/338.jpeg,Honda,City,2014,Premium,moderate,21944
images/339.jpeg,Honda,Civic,2017,MUV,minor,4537
images/340.jpeg,Toyota,Fortuner,2012,Hatchback,minor,2382
images/341.jpeg,Tata,Altroz,2019,Electric,moderate,13485
images/342.jpeg,Toyota,Camry,2006,Sedan,minor,4599
images/343.jpeg,Honda,Civic,2020,Hatchback,severe,74273
images/344.jpeg,Maruti,Dzire,2006,Electric,moderate,14068
images/345.jpeg,Tata,Altroz,2009,Sedan,minor,4709
images/346.jpeg,Tata,Altroz,2016,SUV,minor,4944
images/347.jpeg,Honda,Civic,2008,MUV,minor,2496
images/348.jpeg,Mahindra,Thar,2013,Electric,moderate,25100
images/349.jpeg,Mahindra,XUV500,2005,MUV,minor,9454
images/350.jpeg,Mahindra,XUV500,2021,Premium,minor,4961
images/351.jpeg,Toyota,Corolla,2006,Sedan,severe,84202
images/352.jpeg,Hyundai,Verna,2022,Premium,minor,2215
images/353.jpeg,Hyundai,Verna,2019,Hatchback,minor,5854
images/354.jpeg,Mahindra,XUV500,2008,Electric,severe,88988
images/355.jpeg,Hyundai,i20,2023,Electric,severe,37523
images/356.jpeg,Maruti,Dzire,2021,Electric,severe,60400
images/357.jpeg,Hyundai,i20,2023,Electric,moderate,11229
images/358.jpeg,Tata,Harrier,2011,Premium,moderate,10296
images/359.jpeg,Hyundai,Creta,2005,Hatchback,severe,81271
images/360.jpeg,Mahindra,XUV500,2023,Sedan,minor,9591
images/361.jpeg,Tata,Altroz,2013,Sedan,moderate,28343
images/362.jpeg,Maruti,Dzire,2006,SUV,minor,8786
images/363.jpeg,Maruti,Dzire,2011,Premium,severe,87195
images/364.jpeg,Mahindra,Scorpio,2019,MUV,severe,53199
images/365.jpeg,Honda,City,2023,Sedan,moderate,13819
images/366.jpeg,Honda,City,2013,SUV,minor,6846
images/367.jpeg,Maruti,Baleno,2019,Electric,minor,3996
images/368.jpeg,Tata,Harrier,2014,Electric,severe,54809
images/369.jpeg,Hyundai,Creta,2016,Sedan,severe,86421
images/370.jpeg,Toyota,Fortuner,2015,Hatchback,moderate,10102
images/371.jpeg,Tata,Altroz,2017,MUV,minor,7433
images/372.jpeg,Toyota,Camry,2005,SUV,minor,8545
images/373.jpeg,Maruti,Baleno,2009,MUV,moderate,13124
images/374.jpeg,Toyota,Corolla,2018,Electric,severe,76742
images/375.jpeg,Maruti,Dzire,2012,Sedan,minor,2736
images/376.jpeg,Hyundai,Verna,2008,Electric,moderate,16701
images/377.jpeg,Maruti,Dzire,2022,Sedan,severe,90646
images/378.jpeg,Tata,Nexon,2017,Premium,severe,80743
images/379.jpeg,Tata,Nexon,2023,Premium,severe,57683
images/380.jpeg,Maruti,Swift,2019,Sedan,severe,62114
images/381.jpeg,Maruti,Dzire,2012,Sedan,moderate,29428
images/382.jpeg,Maruti,Baleno,2022,Sedan,moderate,21535
images/383.jpeg,Mahindra,Thar,2005,MUV,minor,5544
images/384.jpeg,Toyota,Camry,2014,Sedan,severe,54299
images/385.jpeg,Toyota,Camry,2021,Premium,severe,94889
images/386.jpeg,Mahindra,Scorpio,2008,MUV,minor,5756
images/387.jpeg,Maruti,Baleno,2021,MUV,minor,4469
images/388.jpeg,Tata,Nexon,2019,Electric,severe,46694
images/389.jpeg,Tata,Altroz,2014,Electric,minor,7590
images/390.jpeg,Hyundai,Creta,2016,SUV,moderate,13359
images/391.jpeg,Toyota,Camry,2023,Electric,moderate,16938
images/392.jpeg,Honda,Civic,2011,Electric,severe,83371
images/393.jpeg,Tata,Nexon,2011,SUV,minor,6842
images/394.jpeg,Hyundai,i20,2011,SUV,moderate,11244
images/395.jpeg,Tata,Nexon,2019,MUV,moderate,21769
images/396.jpeg,Maruti,Dzire,2013,MUV,moderate,18421
images/397.jpeg,Toyota,Camry,2019,Electric,minor,6425
images/398.jpeg,Tata,Harrier,2013,SUV,minor,9254
images/399.jpeg,Honda,WR-V,2018,SUV,moderate,28373
images/400.jpeg,Honda,WR-V,2019,Hatchback,severe,97686
images/401.jpeg,Tata,Altroz,2008,MUV,moderate,15878
images/402.jpeg,Mahindra,Scorpio,2018,SUV,minor,7648
images/403.jpeg,Honda,WR-V,2012,MUV,minor,2516
images/404.jpeg,Maruti,Dzire,2021,Hatchback,minor,8600
images/405.jpeg,Tata,Altroz,2022,Premium,severe,78562
images/406.jpeg,Maruti,Dzire,2022,Sedan,moderate,13384
images/407.jpeg,Toyota,Fortuner,2007,MUV,minor,7820
images/408.jpeg,Tata,Altroz,2006,Hatchback,minor,2969
images/409.jpeg,Toyota,Fortuner,2006,Electric,minor,3936
images/410.jpeg,Honda,WR-V,2022,Electric,minor,8051
images/411.jpeg,Tata,Harrier,2023,Premium,moderate,25273
images/412.jpeg,Maruti,Dzire,2012,Electric,minor,6957
images/413.jpeg,Tata,Altroz,2016,SUV,moderate,22156
images/414.jpeg,Tata,Altroz,2021,Hatchback,minor,8783
images/415.jpeg,Honda,City,2010,MUV,moderate,18367
images/416.jpeg,Toyota,Fortuner,2010,SUV,severe,31614
images/417.jpeg,Toyota,Camry,2019,Electric,minor,4797
images/418.jpeg,Mahindra,Thar,2005,Sedan,moderate,26520
images/419.jpeg,Honda,City,2018,SUV,moderate,26548
images/420.jpeg,Honda,WR-V,2007,Premium,moderate,17870
images/421.jpeg,Tata,Nexon,2009,Premium,moderate,12025
images/422.jpeg,Hyundai,Verna,2014,SUV,severe,79739
images/423.jpeg,Honda,City,2005,Sedan,minor,7263
images/424.jpeg,Mahindra,Thar,2015,MUV,minor,6155
images/425.jpeg,Maruti,Swift,2021,Sedan,severe,42801
images/426.jpeg,Toyota,Camry,2012,Sedan,severe,41060
images/427.jpeg,Mahindra,Scorpio,2020,Hatchback,severe,47986
images/428.jpeg,Hyundai,i20,2014,Electric,moderate,13435
images/429.jpeg,Tata,Nexon,2020,Electric,minor,2665
images/430.jpeg,Maruti,Baleno,2015,SUV,severe,47277
images/431.jpeg,Tata,Harrier,2023,Sedan,moderate,12051
images/432.jpeg,Hyundai,i20,2008,Sedan,severe,99904
images/433.jpeg,Maruti,Baleno,2014,SUV,minor,2503
images/434.jpeg,Hyundai,Creta,2021,SUV,minor,8356
images/435.jpeg,Toyota,Corolla,2019,SUV,moderate,10138
images/436.jpeg,Tata,Nexon,2006,Electric,minor,8327
images/437.jpeg,Toyota,Camry,2017,MUV,minor,7452
images/438.jpeg,Honda,Civic,2017,Hatchback,severe,49702
images/439.jpeg,Maruti,Dzire,2007,Premium,moderate,16718
images/440.jpeg,Maruti,Baleno,2023,Hatchback,moderate,19015
images/441.jpeg,Tata,Harrier,2007,Sedan,minor,8210
images/442.jpeg,Tata,Nexon,2016,Sedan,severe,33668
images/443.jpeg,Tata,Altroz,2016,Sedan,moderate,16408
images/444.jpeg,Toyota,Camry,2023,Electric,minor,2798
images/445.jpeg,Honda,WR-V,2005,Sedan,severe,81932
images/446.jpeg,Maruti,Swift,2005,MUV,minor,2626
images/447.jpeg,Maruti,Dzire,2010,MUV,severe,87429
images/448.jpeg,Maruti,Dzire,2023,Premium,severe,45021
images/449.jpeg,Honda,WR-V,2018,Premium,severe,51170
images/450.jpeg,Maruti,Dzire,2015,Sedan,minor,7897
images/451.jpeg,Hyundai,i20,2018,Premium,minor,8010
images/452.jpeg,Tata,Altroz,2023,Hatchback,minor,8092
images/453.jpeg,Hyundai,Verna,2019,Premium,severe,31986
images/454.jpeg,Honda,WR-V,2010,Hatchback,moderate,22487
images/455.jpeg,Hyundai,Verna,2013,Premium,severe,73451
images/456.jpeg,Honda,City,2017,Electric,severe,34960
images/457.jpeg,Hyundai,Creta,2011,Electric,moderate,18202
images/458.jpeg,Toyota,Fortuner,2009,MUV,severe,84273
images/459.jpeg,Maruti,Swift,2010,Electric,minor,8483
images/460.jpeg,Mahindra,XUV500,2015,Hatchback,moderate,10955
images/461.jpeg,Hyundai,Verna,2023,Premium,minor,2790
images/462.jpeg,Honda,WR-V,2021,SUV,minor,2454
images/463.jpeg,Toyota,Camry,2023,MUV,minor,9780
images/464.jpeg,Maruti,Baleno,2022,SUV,severe,64788
images/465.jpeg,Toyota,Camry,2009,Premium,moderate,23456
images/466.jpeg,Maruti,Baleno,2007,Hatchback,severe,50993
images/467.jpeg,Hyundai,Verna,2017,MUV,moderate,11146
images/468.jpeg,Toyota,Camry,2015,Electric,moderate,10617
images/469.jpeg,Honda,Civic,2021,SUV,moderate,17933
images/470.jpeg,Hyundai,i20,2006,Electric,minor,6858
images/471.jpeg,Tata,Altroz,2009,Hatchback,moderate,19302
images/472.jpeg,Toyota,Corolla,2015,Sedan,minor,5776
images/473.jpeg,Tata,Nexon,2010,Electric,minor,5938
images/474.jpeg,Mahindra,Scorpio,2017,Hatchback,moderate,20539
images/475.jpeg,Toyota,Corolla,2015,Premium,moderate,20599
images/476.jpeg,Honda,Civic,2015,SUV,moderate,24770
images/477.jpeg,Maruti,Dzire,2014,Hatchback,moderate,21090
images/478.jpeg,Mahindra,Thar,2022,MUV,minor,3097
images/479.jpeg,Maruti,Swift,2006,Hatchback,minor,3340
images/480.jpeg,Mahindra,Thar,2008,Hatchback,minor,7252
images/481.jpeg,Hyundai,Verna,2015,SUV,severe,61335
images/482.jpeg,Toyota,Camry,2013,Premium,severe,43370
images/483.jpeg,Mahindra,Scorpio,2019,Electric,severe,91418
images/484.jpeg,Tata,Harrier,2011,SUV,moderate,21241
images/485.jpeg,Maruti,Swift,2018,Electric,minor,5871
images/486.jpeg,Hyundai,Verna,2016,Sedan,minor,5149
images/487.jpeg,Maruti,Swift,2018,SUV,moderate,28805
images/488.jpeg,Hyundai,Verna,2017,Hatchback,moderate,21552
images/489.jpeg,Mahindra,XUV500,2006,Premium,minor,8030
images/490.jpeg,Mahindra,Scorpio,2009,Sedan,minor,6709
images/491.jpeg,Toyota,Fortuner,2012,Premium,moderate,19833
images/492.jpeg,Mahindra,XUV500,2021,Hatchback,severe,45075
images/493.jpeg,Hyundai,Creta,2006,MUV,severe,68420
images/494.jpeg,Mahindra,XUV500,2014,Electric,minor,6502
images/495.jpeg,Maruti,Baleno,2023,Sedan,severe,81610
images/496.jpeg,Tata,Harrier,2007,Hatchback,severe,93613
images/497.jpeg,Honda,Civic,2007,MUV,minor,8766
images/498.jpeg,Toyota,Camry,2019,SUV,severe,49067
images/499.jpeg,Maruti,Dzire,2014,Premium,minor,5200
images/500.jpeg,Mahindra,Scorpio,2014,Sedan,moderate,19215
images/501.jpeg,Tata,Harrier,2012,SUV,minor,6571
images/502.jpeg,Tata,Altroz,2023,SUV,severe,78556
images/503.jpeg,Tata,Altroz,2011,Hatchback,moderate,23073
images/504.jpeg,Toyota,Corolla,2018,Premium,moderate,18152
images/505.jpeg,Toyota,Fortuner,2022,Premium,severe,43821
images/506.jpeg,Maruti,Swift,2011,SUV,severe,37036
images/507.jpeg,Maruti,Baleno,2014,Hatchback,moderate,26413
images/508.jpeg,Toyota,Fortuner,2012,Electric,moderate,20932
images/509.jpeg,Mahindra,Scorpio,2018,Hatchback,moderate,26567
images/510.jpeg,Mahindra,Scorpio,2021,Electric,moderate,13593
images/511.jpeg,Maruti,Swift,2009,Sedan,severe,30151
images/512.jpeg,Honda,Civic,2023,Sedan,minor,3072
images/513.jpeg,Mahindra,Scorpio,2015,Hatchback,moderate,15734
images/514.jpeg,Hyundai,Verna,2010,SUV,moderate,22026
images/515.jpeg,Maruti,Baleno,2005,MUV,moderate,11250
images/516.jpeg,Tata,Nexon,2012,Premium,minor,2665
images/517.jpeg,Maruti,Baleno,2005,Premium,minor,2346
images/518.jpeg,Mahindra,Scorpio,2011,MUV,moderate,29334
images/519.jpeg,Hyundai,Creta,2023,SUV,severe,79284
images/520.jpeg,Toyota,Fortuner,2020,SUV,severe,60341
images/521.jpeg,Hyundai,Verna,2010,Hatchback,minor,7773
images/522.jpeg,Toyota,Corolla,2016,MUV,moderate,16614
images/523.jpeg,Tata,Altroz,2020,Sedan,minor,6810
images/524.jpeg,Mahindra,Scorpio,2006,Electric,minor,2851
images/525.jpeg,Maruti,Swift,2009,SUV,minor,9624
images/526.jpeg,Mahindra,XUV500,2012,Premium,severe,34167
images/527.jpeg,Honda,Civic,2010,Sedan,moderate,26230
images/528.jpeg,Tata,Altroz,2021,MUV,moderate,21947
images/529.jpeg,Mahindra,XUV500,2017,MUV,minor,2498
images/530.jpeg,Mahindra,Thar,2020,Electric,minor,5792
images/531.jpeg,Toyota,Fortuner,2013,SUV,minor,9686
images/532.jpeg,Toyota,Fortuner,2019,Sedan,severe,86091
images/533.jpeg,Hyundai,i20,2006,Sedan,severe,74671
images/534.jpeg,Hyundai,i20,2017,Hatchback,moderate,15935
images/535.jpeg,Tata,Harrier,2006,Premium,moderate,14876
images/536.jpeg,Mahindra,Scorpio,2009,Sedan,moderate,13898
images/537.jpeg,Toyota,Corolla,2011,Electric,minor,4016
images/538.jpeg,Mahindra,Scorpio,2011,Premium,minor,3358
images/539.jpeg,Tata,Altroz,2013,Hatchback,minor,5628
images/540.jpeg,Hyundai,Verna,2018,Hatchback,severe,40544
images/541.jpeg,Hyundai,i20,2022,Electric,minor,8760
images/542.jpeg,Maruti,Baleno,2005,SUV,severe,65984
images/543.jpeg,Honda,WR-V,2008,SUV,minor,7457
images/544.jpeg,Toyota,Fortuner,2018,Premium,moderate,22298
images/545.jpeg,Tata,Harrier,2016,Electric,minor,8072
images/546.jpeg,Toyota,Camry,2019,Electric,moderate,22885
images/547.jpeg,Maruti,Baleno,2017,MUV,moderate,13067
images/548.jpeg,Honda,Civic,2010,Premium,moderate,29479
images/549.jpeg,Mahindra,Thar,2015,MUV,moderate,26381
images/550.jpeg,Toyota,Camry,2008,Hatchback,severe,39131
images/551.jpeg,Honda,WR-V,2012,MUV,minor,7047
images/552.jpeg,Tata,Harrier,2013,Hatchback,minor,6826
images/553.jpeg,Toyota,Camry,2006,MUV,severe,75148
images/554.jpeg,Hyundai,i20,2020,Sedan,severe,30769
images/555.jpeg,Honda,City,2011,Premium,moderate,18387
images/556.jpeg,Mahindra,Scorpio,2016,MUV,severe,38367
images/557.jpeg,Honda,City,2019,Premium,moderate,24293
images/558.jpeg,Toyota,Camry,2012,SUV,minor,7586
images/559.jpeg,Maruti,Baleno,2007,Hatchback,moderate,23229
images/560.jpeg,Mahindra,XUV500,2019,Premium,severe,30023
images/561.jpeg,Mahindra,XUV500,2012,Hatchback,severe,75850
images/562.jpeg,Hyundai,i20,2013,Electric,minor,4247
images/563.jpeg,Maruti,Swift,2007,SUV,minor,8036
images/564.jpeg,Toyota,Corolla,2016,MUV,moderate,29610
images/565.jpeg,Maruti,Swift,2013,SUV,minor,9687
images/566.jpeg,Tata,Harrier,2021,Sedan,moderate,28567
images/567.jpeg,Hyundai,Verna,2014,Electric,minor,5043
images/568.jpeg,Hyundai,Creta,2019,Hatchback,minor,6961
images/569.jpeg,Honda,Civic,2010,Electric,moderate,17870
images/570.jpeg,Hyundai,i20,2008,MUV,severe,98569
images/571.jpeg,Honda,Civic,2017,Electric,severe,30656
images/572.jpeg,Tata,Nexon,2010,Premium,severe,72043
images/573.jpeg,Maruti,Dzire,2007,Electric,minor,9141
images/574.jpeg,Honda,City,2006,SUV,moderate,27942
images/575.jpeg,Toyota,Corolla,2022,Hatchback,minor,5978
images/576.jpeg,Toyota,Corolla,2011,Hatchback,minor,8518
images/577.jpeg,Maruti,Dzire,2023,Sedan,severe,38014
images/578.jpeg,Maruti,Swift,2017,MUV,moderate,27708
images/579.jpeg,Mahindra,XUV500,2011,SUV,minor,8658
images/580.jpeg,Maruti,Swift,2017,SUV,moderate,24708
images/581.jpeg,Hyundai,i20,2010,Hatchback,minor,6081
images/582.jpeg,Hyundai,Verna,2018,Hatchback,moderate,10945
images/583.jpeg,Maruti,Baleno,2015,Premium,minor,8565
images/584.jpeg,Maruti,Swift,2006,MUV,minor,9121
images/585.jpeg,Tata,Nexon,2022,SUV,severe,83937
images/586.jpeg,Maruti,Swift,2018,Sedan,minor,4844
images/587.jpeg,Hyundai,Creta,2015,SUV,minor,8301
images/588.jpeg,Toyota,Corolla,2016,Sedan,moderate,21593
images/589.jpeg,Toyota,Corolla,2018,Sedan,minor,6001
images/590.jpeg,Honda,City,2015,Sedan,moderate,14042
images/591.jpeg,Hyundai,Verna,2012,MUV,moderate,28744
images/592.jpeg,Mahindra,Thar,2016,Electric,minor,2180
images/593.jpeg,Hyundai,i20,2014,Hatchback,severe,51631
images/594.jpeg,Maruti,Baleno,2006,SUV,minor,8586
images/595.jpeg,Tata,Harrier,2014,Sedan,severe,60934
images/596.jpeg,Honda,City,2022,MUV,moderate,20502
images/597.jpeg,Mahindra,Scorpio,2011,Hatchback,moderate,28904
images/598.jpeg,Maruti,Swift,2019,Hatchback,minor,2689
images/599.jpeg,Maruti,Baleno,2013,SUV,severe,43337
images/600.jpeg,Toyota,Camry,2018,Premium,minor,5752
images/601.jpeg,Tata,Nexon,2023,Hatchback,minor,8485
images/602.jpeg,Maruti,Swift,2006,Electric,moderate,16741
images/603.jpeg,Tata,Harrier,2016,Electric,severe,42796
images/604.jpeg,Mahindra,Scorpio,2018,Hatchback,minor,6640
images/605.jpeg,Toyota,Camry,2017,Hatchback,minor,3138
images/606.jpeg,Maruti,Baleno,2006,Sedan,moderate,20326
images/607.jpeg,Honda,WR-V,2019,MUV,severe,93282
images/608.jpeg,Honda,WR-V,2008,SUV,moderate,26289
images/609.jpeg,Toyota,Corolla,2022,MUV,minor,2184
images/610.jpeg,Mahindra,XUV500,2005,Hatchback,severe,32062
images/611.jpeg,Hyundai,i20,2020,Hatchback,moderate,17273
images/612.jpeg,Mahindra,Scorpio,2006,Premium,minor,5896
images/613.jpeg,Honda,City,2022,Hatchback,minor,4673
images/614.jpeg,Maruti,Baleno,2019,Premium,minor,5202
images/615.jpeg,Hyundai,i20,2009,MUV,severe,56000
images/616.jpeg,Tata,Altroz,2006,Sedan,moderate,27348
images/617.jpeg,Toyota,Fortuner,2011,Hatchback,minor,7219
images/618.jpeg,Honda,City,2020,SUV,severe,92854
images/619.jpeg,Mahindra,XUV500,2017,SUV,moderate,23800
images/620.jpeg,Hyundai,i20,2020,SUV,minor,3094
images/621.jpeg,Mahindra,Thar,2021,Hatchback,moderate,29009
images/622.jpeg,Mahindra,Thar,2006,SUV,minor,4566
images/623.jpeg,Hyundai,i20,2007,Hatchback,moderate,28353
images/624.jpeg,Honda,City,2011,SUV,severe,45826
images/625.jpeg,Tata,Nexon,2014,Hatchback,severe,56234
images/626.jpeg,Toyota,Corolla,2013,Premium,minor,7613
images/627.jpeg,Maruti,Dzire,2014,Premium,minor,2610
images/628.jpeg,Tata,Harrier,2020,Premium,moderate,12525
images/629.jpeg,Toyota,Corolla,2016,Electric,moderate,18266
images/630.jpeg,Hyundai,Creta,2012,MUV,moderate,21560
images/631.jpeg,Maruti,Baleno,2023,MUV,minor,5179
images/632.jpeg,Honda,WR-V,2023,Hatchback,minor,7063
images/633.jpeg,Tata,Nexon,2017,Electric,moderate,17878
images/634.jpeg,Mahindra,Scorpio,2021,Hatchback,minor,9330
images/635.jpeg,Toyota,Camry,2020,Sedan,severe,30058
images/636.jpeg,Mahindra,XUV500,2005,Sedan,moderate,13090
images/637.jpeg,Maruti,Dzire,2021,SUV,severe,66231
images/638.jpeg,Maruti,Dzire,2019,MUV,moderate,23232
images/639.jpeg,Hyundai,Creta,2015,Electric,minor,4837
images/640.jpeg,Toyota,Fortuner,2023,Hatchback,minor,6920
images/641.jpeg,Mahindra,Thar,2017,Hatchback,moderate,28856
images/642.jpeg,Toyota,Camry,2009,Sedan,minor,2681
images/643.jpeg,Maruti,Dzire,2014,Hatchback,severe,49416
images/644.jpeg,Honda,City,2009,Premium,minor,6657
images/645.jpeg,Maruti,Swift,2015,Premium,severe,44480
images/646.jpeg,Mahindra,XUV500,2013,Electric,minor,6547
images/647.jpeg,Maruti,Baleno,2008,Premium,moderate,24933
images/648.jpeg,Honda,WR-V,2022,SUV,severe,40760
images/649.jpeg,Tata,Harrier,2012,MUV,minor,9549
images/650.jpeg,Toyota,Corolla,2010,SUV,moderate,15829
images/651.jpeg,Hyundai,i20,2010,Electric,severe,38175
images/652.jpeg,Toyota,Corolla,2009,Sedan,severe,96346
images/653.jpeg,Toyota,Camry,2013,Sedan,minor,3261
images/654.jpeg,Toyota,Camry,2020,MUV,minor,2896
images/655.jpeg,Hyundai,i20,2010,MUV,minor,8058
images/656.jpeg,Honda,WR-V,2020,Premium,moderate,16779
images/657.jpeg,Honda,Civic,2015,MUV,moderate,19099
images/658.jpeg,Toyota,Camry,2015,SUV,moderate,26037
images/659.jpeg,Honda,City,2018,Hatchback,moderate,27332
images/660.jpeg,Maruti,Baleno,2014,Electric,severe,40954
images/661.jpeg,Maruti,Dzire,2012,Premium,severe,70138
images/662.jpeg,Honda,City,2019,Electric,moderate,10391
images/663.jpeg,Hyundai,i20,2020,Premium,severe,56638
images/664.jpeg,Maruti,Dzire,2011,Sedan,minor,9936
images/665.jpeg,Maruti,Baleno,2011,Sedan,minor,3381
images/666.jpeg,Hyundai,i20,2018,Premium,moderate,10842
images/667.jpeg,Toyota,Corolla,2008,MUV,minor,2286
images/668.jpeg,Toyota,Camry,2011,Electric,minor,4922
images/669.jpeg,Mahindra,Thar,2020,Premium,severe,89614
images/670.jpeg,Mahindra,XUV500,2022,Electric,severe,37687
images/671.jpeg,Tata,Nexon,2005,Sedan,minor,2504
images/672.jpeg,Hyundai,Verna,2014,Sedan,minor,2889
images/673.jpeg,Honda,WR-V,2015,Sedan,severe,47552
images/674.jpeg,Honda,City,2005,Sedan,severe,38028
images/675.jpeg,Honda,Civic,2021,SUV,minor,6884
images/676.jpeg,Honda,Civic,2021,Hatchback,moderate,20397
images/677.jpeg,Hyundai,i20,2011,MUV,minor,6038
images/678.jpeg,Tata,Altroz,2016,Electric,minor,3077
images/679.jpeg,Toyota,Fortuner,2017,MUV,minor,3705
images/680.jpeg,Toyota,Camry,2014,SUV,minor,3482
images/681.jpeg,Maruti,Baleno,2014,MUV,moderate,29493
images/682.jpeg,Toyota,Camry,2015,Premium,severe,57520
images/683.jpeg,Toyota,Corolla,2023,Hatchback,minor,5483
images/684.jpeg,Toyota,Camry,2020,Premium,moderate,22733
images/685.jpeg,Toyota,Fortuner,2019,MUV,severe,78138
images/686.jpeg,Maruti,Baleno,2007,Hatchback,moderate,16811
images/687.jpeg,Hyundai,Creta,2007,Hatchback,moderate,25062
images/688.jpeg,Tata,Nexon,2008,Premium,minor,9564
images/689.jpeg,Toyota,Corolla,2012,Sedan,moderate,14900
images/690.jpeg,Tata,Harrier,2007,Sedan,minor,8108
images/691.jpeg,Mahindra,XUV500,2012,SUV,moderate,21872
images/692.jpeg,Hyundai,i20,2011,Electric,moderate,24345
images/693.jpeg,Maruti,Baleno,2015,SUV,minor,2262
images/694.jpeg,Maruti,Baleno,2014,Sedan,severe,62249
images/695.jpeg,Toyota,Camry,2019,Premium,minor,2408
images/696.jpeg,Hyundai,i20,2020,Premium,severe,64314
images/697.jpeg,Tata,Harrier,2006,Hatchback,severe,85018
images/698.jpeg,Tata,Nexon,2017,Electric,minor,5224
images/699.jpeg,Honda,Civic,2015,Hatchback,severe,61170
images/700.jpeg,Toyota,Fortuner,2008,Electric,moderate,22592
images/701.jpeg,Tata,Altroz,2016,Hatchback,moderate,18803
images/702.jpeg,Hyundai,i20,2005,SUV,moderate,22210
images/703.jpeg,Maruti,Baleno,2005,MUV,moderate,27030
images/704.jpeg,Honda,WR-V,2014,Premium,moderate,28961
images/705.jpeg,Tata,Nexon,2009,Hatchback,minor,4993
images/706.jpeg,Hyundai,Verna,2023,Electric,minor,7615
images/707.jpeg,Toyota,Fortuner,2009,Sedan,moderate,26967
images/708.jpeg,Toyota,Corolla,2010,MUV,minor,8165
images/709.jpeg,Hyundai,Creta,2009,Premium,moderate,29181
images/710.jpeg,Hyundai,i20,2021,SUV,moderate,21613
images/711.jpeg,Hyundai,Creta,2009,Sedan,severe,87676
images/712.jpeg,Mahindra,XUV500,2013,Hatchback,minor,7674
images/713.jpeg,Toyota,Fortuner,2011,MUV,minor,6481
images/714.jpeg,Mahindra,XUV500,2008,Electric,minor,2735
images/715.jpeg,Maruti,Dzire,2012,SUV,moderate,23428
images/716.jpeg,Toyota,Fortuner,2011,Sedan,minor,3148
images/717.jpeg,Mahindra,XUV500,2021,Hatchback,severe,58768
images/718.jpeg,Maruti,Swift,2018,Sedan,minor,6254
images/719.jpeg,Tata,Nexon,2019,Electric,moderate,16321
images/720.jpeg,Honda,Civic,2005,Electric,moderate,16891
images/721.jpeg,Tata,Altroz,2010,SUV,severe,72794
images/722.jpeg,Maruti,Swift,2020,SUV,moderate,16658
images/723.jpeg,Mahindra,XUV500,2012,Hatchback,severe,35855
images/724.jpeg,Toyota,Fortuner,2016,SUV,minor,4037
images/725.jpeg,Maruti,Dzire,2011,Hatchback,moderate,29584
images/726.jpeg,Toyota,Camry,2009,Electric,moderate,18546
images/727.jpeg,Honda,City,2018,SUV,moderate,11315
images/728.jpeg,Tata,Harrier,2007,SUV,minor,7858
images/729.jpeg,Honda,City,2022,SUV,minor,3880
images/730.jpeg,Honda,City,2011,SUV,minor,2101
images/731.jpeg,Tata,Nexon,2005,Electric,moderate,19812
images/732.jpeg,Mahindra,Scorpio,2021,MUV,severe,70662
images/733.jpeg,Maruti,Swift,2016,Electric,severe,47864
images/734.jpeg,Hyundai,Creta,2011,Hatchback,severe,85827
images/735.jpeg,Honda,City,2022,SUV,severe,51982
images/736.jpeg,Tata,Harrier,2012,SUV,moderate,11062
images/737.jpeg,Maruti,Baleno,2011,Sedan,severe,97789
images/738.jpeg,Hyundai,i20,2008,SUV,severe,83990
images/739.jpeg,Hyundai,Creta,2011,MUV,minor,3860
images/740.jpeg,Tata,Harrier,2018,Electric,moderate,21239
images/741.jpeg,Mahindra,Thar,2020,Hatchback,minor,5720
images/742.jpeg,Mahindra,XUV500,2007,MUV,minor,3072
images/743.jpeg,Hyundai,Verna,2006,Electric,severe,31764
images/744.jpeg,Hyundai,Creta,2008,Premium,moderate,27558
images/745.jpeg,Tata,Harrier,2007,MUV,moderate,17168
images/746.jpeg,Toyota,Fortuner,2005,Premium,severe,81625
images/747.jpeg,Tata,Nexon,2013,Hatchback,severe,91514
images/748.jpeg,Toyota,Camry,2018,Sedan,severe,55460
images/749.jpeg,Tata,Harrier,2021,Hatchback,severe,37122
images/750.jpeg,Mahindra,XUV500,2006,Premium,moderate,22700
images/751.jpeg,Mahindra,XUV500,2013,Sedan,minor,8706
images/752.jpeg,Tata,Altroz,2022,Premium,severe,89271
images/753.jpeg,Toyota,Corolla,2012,SUV,moderate,26760
images/754.jpeg,Tata,Nexon,2010,Sedan,minor,6059
images/755.jpeg,Tata,Harrier,2008,Hatchback,moderate,25097
images/756.jpeg,Honda,City,2022,Hatchback,minor,5583
images/757.jpeg,Tata,Nexon,2014,MUV,minor,3187
images/758.jpeg,Tata,Altroz,2015,SUV,severe,63092
images/759.jpeg,Tata,Harrier,2008,Premium,moderate,18343
images/760.jpeg,Hyundai,Verna,2010,Electric,severe,76955
images/761.jpeg,Maruti,Dzire,2009,Hatchback,moderate,11184
images/762.jpeg,Hyundai,i20,2008,SUV,severe,46489
images/763.jpeg,Honda,Civic,2007,MUV,moderate,12014
images/764.jpeg,Hyundai,Creta,2009,SUV,severe,66675
images/765.jpeg,Honda,City,2008,Sedan,minor,7154
images/766.jpeg,Honda,City,2020,Hatchback,severe,55153
images/767.jpeg,Tata,Altroz,2023,Premium,minor,6886
images/768.jpeg,Toyota,Corolla,2013,MUV,severe,54275
images/769.jpeg,Maruti,Baleno,2023,SUV,moderate,20962
images/770.jpeg,Honda,WR-V,2010,Hatchback,minor,9909
images/771.jpeg,Maruti,Baleno,2008,Premium,moderate,25634
images/772.jpeg,Maruti,Swift,2017,SUV,minor,3200
images/773.jpeg,Maruti,Baleno,2010,SUV,moderate,17009
images/774.jpeg,Honda,WR-V,2023,Electric,severe,89254
images/775.jpeg,Maruti,Dzire,2010,Hatchback,moderate,29638
images/776.jpeg,Mahindra,Thar,2013,SUV,severe,33607
images/777.jpeg,Honda,City,2014,Sedan,minor,8280
images/778.jpeg,Honda,City,2013,Sedan,moderate,16749
images/779.jpeg,Tata,Altroz,2016,Electric,minor,7741
images/780.jpeg,Toyota,Fortuner,2017,Hatchback,moderate,27620
images/781.jpeg,Tata,Harrier,2008,SUV,minor,9564
images/782.jpeg,Tata,Altroz,2007,SUV,minor,6704
images/783.jpeg,Maruti,Baleno,2019,Sedan,minor,9099
images/784.jpeg,Toyota,Corolla,2020,MUV,minor,2230
images/785.jpeg,Mahindra,Scorpio,2018,Premium,severe,75495
images/786.jpeg,Toyota,Fortuner,2017,SUV,moderate,14034
images/787.jpeg,Hyundai,Verna,2019,SUV,minor,6069
images/788.jpeg,Toyota,Camry,2012,Electric,minor,4924
images/789.jpeg,Tata,Altroz,2011,Sedan,minor,9604
images/790.jpeg,Maruti,Swift,2023,SUV,moderate,26721
images/791.jpeg,Maruti,Swift,2012,MUV,minor,5289
images/792.jpeg,Tata,Nexon,2015,SUV,minor,5657
images/793.jpeg,Toyota,Corolla,2014,MUV,minor,5904
images/794.jpeg,Tata,Harrier,2022,Premium,severe,68815
images/795.jpeg,Hyundai,i20,2006,Electric,severe,59660
images/796.jpeg,Tata,Altroz,2020,Sedan,moderate,27405
images/797.jpeg,Toyota,Camry,2007,Electric,moderate,22147
images/798.jpeg,Honda,City,2017,Hatchback,severe,66241
images/799.jpeg,Hyundai,i20,2017,SUV,moderate,26556
images/800.jpeg,Tata,Harrier,2014,SUV,moderate,28842
images/801.jpeg,Maruti,Dzire,2010,Premium,minor,4145
images/802.jpeg,Hyundai,Verna,2022,Electric,severe,34136
images/803.jpeg,Mahindra,Scorpio,2006,Hatchback,severe,76893
images/804.jpeg,Honda,City,2016,SUV,severe,37593
images/805.jpeg,Tata,Nexon,2014,Premium,moderate,12840
images/806.jpeg,Honda,City,2006,MUV,minor,5757
images/807.jpeg,Toyota,Camry,2018,SUV,severe,94367
images/808.jpeg,Maruti,Swift,2019,SUV,severe,93417
images/809.jpeg,Toyota,Corolla,2017,Electric,severe,77020
images/810.jpeg,Mahindra,Thar,2015,Electric,severe,86014
images/811.jpeg,Tata,Nexon,2006,Premium,severe,64397
images/812.jpeg,Hyundai,i20,2011,MUV,moderate,23761
images/813.jpeg,Hyundai,i20,2015,MUV,severe,85828
images/814.jpeg,Tata,Harrier,2017,Sedan,severe,46773
images/815.jpeg,Tata,Harrier,2018,SUV,moderate,15525
images/816.jpeg,Maruti,Baleno,2022,MUV,moderate,22673
images/817.jpeg,Hyundai,Verna,2009,Sedan,severe,43829
images/818.jpeg,Mahindra,XUV500,2019,Premium,moderate,12830
images/819.jpeg,Maruti,Dzire,2011,Electric,severe,57041
images/820.jpeg,Tata,Harrier,2021,Sedan,minor,7414
images/821.jpeg,Toyota,Fortuner,2006,Premium,severe,89427
images/822.jpeg,Tata,Altroz,2013,Hatchback,minor,9386
images/823.jpeg,Mahindra,Thar,2017,Premium,minor,6105
images/824.jpeg,Hyundai,Verna,2007,SUV,minor,6909
images/825.jpeg,Honda,City,2009,Sedan,severe,93418
images/826.jpeg,Hyundai,i20,2010,Electric,moderate,25682
images/827.jpeg,Toyota,Fortuner,2019,Electric,moderate,26548
images/828.jpeg,Honda,City,2015,Sedan,severe,71621
images/829.jpeg,Maruti,Dzire,2022,MUV,minor,8982
images/830.jpeg,Tata,Altroz,2021,MUV,minor,6238
images/831.jpeg,Maruti,Baleno,2016,Hatchback,severe,82774
images/832.jpeg,Tata,Nexon,2022,Electric,minor,5135
images/833.jpeg,Hyundai,i20,2015,Hatchback,moderate,10940
images/834.jpeg,Tata,Nexon,2022,SUV,moderate,12441
images/835.jpeg,Hyundai,Creta,2020,MUV,moderate,10960
images/836.jpeg,Mahindra,XUV500,2005,Hatchback,severe,63233
images/837.jpeg,Honda,City,2005,Sedan,minor,2917
images/838.jpeg,Hyundai,Verna,2022,Electric,moderate,16389
images/839.jpeg,Mahindra,Scorpio,2006,Hatchback,minor,4360
images/840.jpeg,Mahindra,Scorpio,2006,SUV,minor,7756
images/841.jpeg,Honda,WR-V,2009,Hatchback,minor,5802
images/842.jpeg,Maruti,Baleno,2017,Sedan,minor,2792
images/843.jpeg,Toyota,Corolla,2006,Electric,moderate,23020
images/844.jpeg,Toyota,Corolla,2009,Premium,severe,59070
images/845.jpeg,Honda,WR-V,2023,Premium,minor,9934
images/846.jpeg,Honda,Civic,2022,SUV,severe,57276
images/847.jpeg,Maruti,Baleno,2013,MUV,minor,8236
images/848.jpeg,Toyota,Fortuner,2006,SUV,minor,6467
images/849.jpeg,Hyundai,i20,2023,SUV,minor,6636
images/850.jpeg,Toyota,Corolla,2013,SUV,minor,9065
images/851.jpeg,Honda,Civic,2011,Electric,moderate,26018
images/852.jpeg,Toyota,Corolla,2023,Sedan,moderate,28913
images/853.jpeg,Tata,Nexon,2018,Premium,severe,99053
images/854.jpeg,Mahindra,Thar,2008,Sedan,moderate,26498
images/855.jpeg,Maruti,Dzire,2020,Premium,severe,83818
images/856.jpeg,Toyota,Camry,2007,Electric,severe,88367
images/857.jpeg,Honda,WR-V,2007,SUV,minor,6018
images/858.jpeg,Hyundai,Creta,2008,MUV,moderate,18388
images/859.jpeg,Hyundai,i20,2019,Electric,moderate,18399
images/860.jpeg,Tata,Altroz,2018,Hatchback,minor,5573
images/861.jpeg,Mahindra,Thar,2013,Sedan,moderate,11899
images/862.jpeg,Toyota,Corolla,2008,Premium,moderate,17227
images/863.jpeg,Tata,Harrier,2011,Sedan,severe,70220
images/864.jpeg,Hyundai,i20,2009,Sedan,moderate,12769
images/865.jpeg,Honda,Civic,2005,Sedan,severe,50839
images/866.jpeg,Honda,WR-V,2010,SUV,minor,6703
images/867.jpeg,Honda,Civic,2022,SUV,severe,35166
images/868.jpeg,Honda,City,2017,Electric,moderate,28966
images/869.jpeg,Hyundai,Creta,2005,SUV,severe,41618
images/870.jpeg,Toyota,Camry,2006,SUV,moderate,19402
images/871.jpeg,Honda,City,2018,MUV,moderate,29232
images/872.jpeg,Hyundai,i20,2020,MUV,minor,4273
images/873.jpeg,Tata,Harrier,2008,SUV,severe,68676
images/874.jpeg,Tata,Harrier,2018,Premium,moderate,19701
images/875.jpeg,Hyundai,Creta,2012,Sedan,minor,3778
images/876.jpeg,Honda,WR-V,2005,SUV,minor,6992
images/877.jpeg,Honda,Civic,2019,Electric,moderate,28229
images/878.jpeg,Toyota,Corolla,2023,SUV,severe,37335
images/879.jpeg,Hyundai,Verna,2008,Premium,moderate,25187
images/880.jpeg,Tata,Nexon,2017,Hatchback,severe,75148
images/881.jpeg,Tata,Altroz,2010,SUV,moderate,22085
images/882.jpeg,Mahindra,Scorpio,2012,SUV,moderate,13173
images/883.jpeg,Honda,City,2011,Hatchback,minor,5746
images/884.jpeg,Mahindra,XUV500,2015,SUV,severe,75025
images/885.jpeg,Toyota,Camry,2010,Electric,moderate,26224
images/886.jpeg,Mahindra,Scorpio,2010,SUV,severe,88285
images/887.jpeg,Tata,Harrier,2015,SUV,moderate,16037
images/888.jpeg,Toyota,Fortuner,2007,SUV,severe,73204
images/889.jpeg,Maruti,Dzire,2009,Sedan,severe,32174
images/890.jpeg,Mahindra,Thar,2013,MUV,moderate,28484
images/891.jpeg,Maruti,Baleno,2010,SUV,severe,79369
images/892.jpeg,Toyota,Corolla,2011,SUV,moderate,17899
images/893.jpeg,Maruti,Dzire,2023,Hatchback,moderate,18401
images/894.jpeg,Maruti,Dzire,2006,MUV,moderate,12150
images/895.jpeg,Honda,City,2021,Hatchback,severe,77591
images/896.jpeg,Mahindra,Thar,2017,Sedan,severe,71016
images/897.jpeg,Hyundai,Creta,2006,Electric,minor,3710
images/898.jpeg,Honda,WR-V,2023,Electric,severe,80996
images/899.jpeg,Toyota,Corolla,2012,Electric,severe,45974
images/900.jpeg,Mahindra,Thar,2013,Electric,severe,43384
images/901.jpeg,Toyota,Camry,2008,SUV,minor,2184
images/902.jpeg,Tata,Harrier,2012,Electric,severe,49882
images/903.jpeg,Hyundai,i20,2015,Premium,severe,83412
images/904.jpeg,Mahindra,Thar,2022,SUV,severe,69072
images/905.jpeg,Hyundai,i20,2014,MUV,severe,57873
images/906.jpeg,Toyota,Camry,2018,Electric,moderate,27495
images/907.jpeg,Maruti,Swift,2007,Sedan,minor,3482
images/908.jpeg,Maruti,Swift,2015,Hatchback,moderate,19032
images/909.jpeg,Toyota,Corolla,2014,MUV,minor,8266
images/910.jpeg,Tata,Harrier,2013,Premium,severe,48447
images/911.jpeg,Toyota,Corolla,2021,SUV,minor,3642
images/912.jpeg,Hyundai,Verna,2020,MUV,severe,61031
images/913.jpeg,Hyundai,i20,2022,Premium,moderate,26972
images/914.jpeg,Mahindra,XUV500,2021,Sedan,moderate,23671
images/915.jpeg,Honda,Civic,2008,Electric,moderate,22931
images/916.jpeg,Mahindra,Thar,2020,Hatchback,minor,3003
images/917.jpeg,Tata,Altroz,2020,Premium,minor,4883
images/918.jpeg,Toyota,Corolla,2010,Electric,minor,7621
images/919.jpeg,Mahindra,XUV500,2017,Hatchback,minor,5481
images/920.jpeg,Honda,City,2016,MUV,moderate,12050
images/921.jpeg,Toyota,Camry,2022,Hatchback,severe,89010
images/922.jpeg,Toyota,Camry,2023,Hatchback,moderate,10279
images/923.jpeg,Maruti,Dzire,2023,SUV,minor,3492
images/924.jpeg,Toyota,Camry,2005,Electric,moderate,10357
images/925.jpeg,Honda,City,2019,Electric,moderate,28468
images/926.jpeg,Maruti,Dzire,2014,Sedan,minor,2589
images/927.jpeg,Toyota,Corolla,2014,Premium,severe,70919
images/928.jpeg,Mahindra,Thar,2019,Sedan,severe,58549
images/929.jpeg,Maruti,Baleno,2019,Sedan,minor,6123
images/930.jpeg,Mahindra,Thar,2013,Premium,moderate,18820
images/931.jpeg,Maruti,Dzire,2020,SUV,severe,31611
images/932.jpeg,Hyundai,Creta,2006,Sedan,moderate,16738
images/933.jpeg,Mahindra,Thar,2010,Electric,moderate,28320
images/934.jpeg,Mahindra,Scorpio,2013,Sedan,minor,6497
images/935.jpeg,Mahindra,Thar,2005,Electric,moderate,13793
images/936.jpeg,Hyundai,Verna,2009,MUV,minor,9298
images/937.jpeg,Maruti,Swift,2007,Hatchback,minor,9111
images/938.jpeg,Tata,Harrier,2013,Electric,moderate,20424
images/939.jpeg,Hyundai,Verna,2014,Sedan,moderate,17820
images/940.jpeg,Maruti,Swift,2014,MUV,moderate,27478
images/941.jpeg,Honda,WR-V,2023,Sedan,moderate,11492
images/942.jpeg,Maruti,Baleno,2013,Premium,severe,45620
images/943.jpeg,Toyota,Corolla,2015,MUV,moderate,25375
images/944.jpeg,Hyundai,i20,2012,Sedan,minor,9849
images/945.jpeg,Toyota,Corolla,2019,MUV,moderate,20738
images/946.jpeg,Toyota,Camry,2010,Electric,minor,5498
images/947.jpeg,Maruti,Baleno,2019,Electric,severe,51400
images/948.jpeg,Tata,Altroz,2011,Sedan,severe,41021
images/949.jpeg,Hyundai,Verna,2008,Premium,minor,7593
images/950.jpeg,Honda,WR-V,2006,Hatchback,moderate,15432
images/951.jpeg,Hyundai,Verna,2022,SUV,moderate,14534
images/952.jpeg,Honda,Civic,2020,MUV,minor,6572
images/953.jpeg,Mahindra,XUV500,2010,Sedan,minor,6084
images/954.jpeg,Hyundai,i20,2005,Sedan,minor,5345
images/955.jpeg,Mahindra,Scorpio,2020,MUV,minor,2175
images/956.jpeg,Toyota,Camry,2013,MUV,moderate,16181
images/957.jpeg,Tata,Nexon,2010,Electric,severe,99044
images/958.jpeg,Hyundai,Verna,2010,Electric,minor,2772
images/959.jpeg,Tata,Harrier,2009,Premium,severe,68950
images/960.jpeg,Tata,Harrier,2010,Sedan,moderate,19598
images/961.jpeg,Honda,WR-V,2014,Electric,severe,31368
images/962.jpeg,Toyota,Fortuner,2019,Sedan,minor,9561
images/963.jpeg,Toyota,Fortuner,2021,Electric,minor,9786
images/964.jpeg,Maruti,Baleno,2007,Premium,minor,3779
images/965.jpeg,Honda,Civic,2019,MUV,minor,8814
images/966.jpeg,Honda,Civic,2019,Electric,minor,4092
images/967.jpeg,Tata,Nexon,2023,SUV,minor,2605
images/968.jpeg,Toyota,Fortuner,2017,Premium,moderate,22253
images/969.jpeg,Maruti,Baleno,2018,MUV,moderate,19135
images/970.jpeg,Maruti,Baleno,2011,SUV,severe,74867
images/971.jpeg,Hyundai,i20,2017,Sedan,minor,4631
images/972.jpeg,Toyota,Camry,2016,Premium,minor,8682
images/973.jpeg,Hyundai,Creta,2013,SUV,severe,96992
images/974.jpeg,Hyundai,i20,2016,MUV,minor,8483
images/975.jpeg,Tata,Harrier,2022,Premium,severe,79428
images/976.jpeg,Toyota,Corolla,2010,Sedan,moderate,19895
images/977.jpeg,Honda,Civic,2006,Electric,moderate,14716
images/978.jpeg,Maruti,Baleno,2007,SUV,severe,81564
images/979.jpeg,Hyundai,Verna,2011,Sedan,moderate,11334
images/980.jpeg,Tata,Altroz,2020,SUV,minor,4287
images/981.jpeg,Maruti,Baleno,2005,Sedan,moderate,24062
images/982.jpeg,Maruti,Baleno,2009,SUV,moderate,16823
images/983.jpeg,Tata,Altroz,2019,Premium,minor,4114
images/984.jpeg,Tata,Altroz,2008,Electric,severe,72233
images/985.jpeg,Tata,Nexon,2013,Sedan,minor,2535
images/986.jpeg,Mahindra,Scorpio,2005,Premium,minor,6688
images/987.jpeg,Toyota,Camry,2021,Sedan,moderate,25781
images/988.jpeg,Hyundai,Creta,2005,Sedan,minor,6260
images/989.jpeg,Maruti,Baleno,2020,Hatchback,minor,9103
images/990.jpeg,Hyundai,Verna,2014,Premium,minor,8582
images/991.jpeg,Hyundai,Creta,2015,Hatchback,severe,49636
images/992.jpeg,Honda,City,2010,Hatchback,moderate,17635
images/993.jpeg,Tata,Harrier,2019,Sedan,severe,39872
images/994.jpeg,Hyundai,Verna,2010,SUV,severe,73383
images/995.jpeg,Toyota,Camry,2015,Sedan,moderate,25942
images/996.jpeg,Toyota,Camry,2020,MUV,minor,5807
images/997.jpeg,Honda,WR-V,2017,SUV,minor,8764
images/998.jpeg,Toyota,Corolla,2020,Sedan,moderate,26162
images/999.jpeg,Maruti,Baleno,2016,Electric,moderate,25234
images/1000.jpeg,Hyundai,Verna,2015,Premium,severe,33154
images/1001.jpeg,Toyota,Fortuner,2010,Sedan,minor,4558
images/1002.jpeg,Mahindra,XUV500,2019,Premium,severe,43104
images/1003.jpeg,Mahindra,XUV500,2011,Sedan,minor,5944
images/1004.jpeg,Toyota,Fortuner,2011,Hatchback,severe,92999
images/1005.jpeg,Toyota,Corolla,2010,SUV,minor,4882
images/1006.jpeg,Mahindra,Thar,2013,Sedan,minor,8957
images/1007.jpeg,Tata,Nexon,2020,Sedan,moderate,26903
images/1008.jpeg,Mahindra,XUV500,2005,Premium,severe,80205
images/1009.jpeg,Toyota,Corolla,2017,Electric,minor,2760
images/1010.jpeg,Toyota,Corolla,2011,Sedan,severe,66136
images/1011.jpeg,Maruti,Dzire,2005,Hatchback,minor,7247
images/1012.jpeg,Honda,Civic,2007,Hatchback,severe,43638
images/1013.jpeg,Maruti,Baleno,2008,Hatchback,moderate,23001
images/1014.jpeg,Toyota,Corolla,2018,SUV,severe,37264
images/1015.jpeg,Maruti,Swift,2010,SUV,moderate,28326
images/1016.jpeg,Mahindra,XUV500,2023,Hatchback,minor,9596
images/1017.jpeg,Maruti,Swift,2006,Sedan,moderate,19870
images/1018.jpeg,Honda,WR-V,2016,SUV,minor,3703
images/1019.jpeg,Honda,WR-V,2011,Hatchback,moderate,10833
images/1020.jpeg,Toyota,Camry,2010,Premium,minor,9655
images/1021.jpeg,Mahindra,Scorpio,2011,Electric,severe,53503
images/1022.jpeg,Honda,City,2015,Premium,moderate,23610
images/1023.jpeg,Tata,Altroz,2005,Hatchback,minor,5217
images/1024.jpeg,Maruti,Swift,2011,Hatchback,severe,42781
images/1025.jpeg,Hyundai,Creta,2014,Hatchback,minor,2814
images/1026.jpeg,Hyundai,i20,2007,Electric,moderate,20063
images/1027.jpeg,Tata,Altroz,2008,SUV,moderate,28931
images/1028.jpeg,Hyundai,i20,2005,Sedan,minor,8564
images/1029.jpeg,Toyota,Fortuner,2009,MUV,severe,64951
images/1030.jpeg,Honda,City,2005,SUV,minor,9106
images/1031.jpeg,Honda,Civic,2021,SUV,severe,51268
images/1032.jpeg,Maruti,Swift,2013,Sedan,minor,3046
images/1033.jpeg,Tata,Nexon,2011,MUV,minor,2747
images/1034.jpeg,Maruti,Swift,2010,Electric,moderate,11061
images/1035.jpeg,Hyundai,Creta,2014,Sedan,minor,3015
images/1036.jpeg,Maruti,Dzire,2014,MUV,severe,89263
images/1037.jpeg,Tata,Harrier,2013,SUV,severe,54650
images/1038.jpeg,Honda,Civic,2008,SUV,moderate,16883
images/1039.jpeg,Mahindra,Scorpio,2015,Hatchback,moderate,11498
images/1040.jpeg,Toyota,Corolla,2008,Sedan,minor,9590
images/1041.jpeg,Maruti,Swift,2014,Hatchback,severe,71310
images/1042.jpeg,Tata,Harrier,2007,SUV,minor,5481
images/1043.jpeg,Hyundai,Verna,2010,Sedan,severe,89888
images/1044.jpeg,Honda,WR-V,2010,SUV,minor,2194
images/1045.jpeg,Toyota,Fortuner,2005,Electric,moderate,16604
images/1046.jpeg,Maruti,Swift,2019,Premium,severe,81558
images/1047.jpeg,Hyundai,Creta,2011,Sedan,minor,5704
images/1048.jpeg,Tata,Harrier,2011,Electric,severe,79726
images/1049.jpeg,Tata,Nexon,2014,Hatchback,minor,7411
images/1050.jpeg,Hyundai,Verna,2019,Electric,minor,8492
images/1051.jpeg,Toyota,Camry,2019,Hatchback,minor,7920
images/1052.jpeg,Maruti,Dzire,2016,Electric,minor,8132
images/1053.jpeg,Honda,WR-V,2005,SUV,severe,73193
images/1054.jpeg,Maruti,Swift,2015,Sedan,minor,2301
images/1055.jpeg,Hyundai,Verna,2020,Electric,severe,39731
images/1056.jpeg,Honda,WR-V,2007,MUV,severe,41431
images/1057.jpeg,Honda,WR-V,2009,Hatchback,moderate,11119
images/1058.jpeg,Toyota,Camry,2007,Sedan,moderate,21299
images/1059.jpeg,Tata,Altroz,2010,Electric,moderate,20526
images/1060.jpeg,Toyota,Corolla,2009,MUV,moderate,21511
images/1061.jpeg,Tata,Harrier,2007,MUV,minor,4416
images/1062.jpeg,Hyundai,i20,2007,SUV,moderate,29108
images/1063.jpeg,Maruti,Swift,2011,Electric,minor,2561
images/1064.jpeg,Tata,Nexon,2005,Premium,moderate,12988
images/1065.jpeg,Maruti,Dzire,2021,SUV,severe,33777
images/1066.jpeg,Maruti,Baleno,2020,Electric,minor,5127
images/1067.jpeg,Tata,Altroz,2005,Sedan,severe,47175
images/1068.jpeg,Mahindra,Thar,2015,Electric,minor,2718
images/1069.jpeg,Maruti,Swift,2021,SUV,moderate,20219
images/1070.jpeg,Toyota,Camry,2009,MUV,moderate,20299
images/1071.jpeg,Maruti,Swift,2012,Premium,severe,96396
images/1072.jpeg,Mahindra,XUV500,2015,Premium,minor,4290
images/1073.jpeg,Maruti,Dzire,2022,Premium,minor,9669
images/1074.jpeg,Maruti,Baleno,2014,Electric,minor,3653
images/1075.jpeg,Honda,WR-V,2017,MUV,severe,56606
images/1076.jpeg,Mahindra,Scorpio,2020,Premium,severe,72212
images/1077.jpeg,Honda,City,2006,Premium,severe,74793
images/1078.jpeg,Hyundai,Verna,2015,Hatchback,minor,9034
images/1079.jpeg,Mahindra,Thar,2007,Premium,moderate,25126
images/1080.jpeg,Hyundai,i20,2020,SUV,minor,6293
images/1081.jpeg,Hyundai,i20,2019,Electric,moderate,28155
images/1082.jpeg,Toyota,Corolla,2011,Sedan,severe,32241
images/1083.jpeg,Maruti,Baleno,2022,Premium,severe,51510
images/1084.jpeg,Hyundai,i20,2005,SUV,minor,2684
images/1085.jpeg,Tata,Altroz,2013,Premium,minor,9316
images/1086.jpeg,Toyota,Corolla,2012,MUV,severe,45269
images/1087.jpeg,Tata,Altroz,2015,Premium,severe,60264
images/1088.jpeg,Honda,City,2014,MUV,severe,96908
images/1089.jpeg,Toyota,Camry,2008,Hatchback,minor,2292
images/1090.jpeg,Mahindra,Scorpio,2021,Hatchback,minor,9478
images/1091.jpeg,Mahindra,Thar,2014,Sedan,moderate,28455
images/1092.jpeg,Tata,Nexon,2020,SUV,moderate,26631
images/1093.jpeg,Maruti,Swift,2006,Sedan,moderate,13633
images/1094.jpeg,Hyundai,Verna,2009,Electric,moderate,11589
images/1095.jpeg,Hyundai,Creta,2018,Electric,severe,62068
images/1096.jpeg,Hyundai,Verna,2008,Electric,moderate,19895
images/1097.jpeg,Mahindra,XUV500,2018,Premium,minor,6361
images/1098.jpeg,Hyundai,Creta,2022,MUV,moderate,18180
images/1099.jpeg,Hyundai,Creta,2010,Sedan,moderate,14082
images/1100.jpeg,Tata,Nexon,2005,SUV,moderate,16515
images/1101.jpeg,Maruti,Swift,2023,Sedan,minor,2054
images/1102.jpeg,Tata,Altroz,2005,Sedan,minor,3953
images/1103.jpeg,Honda,City,2011,SUV,moderate,14014
images/1104.jpeg,Honda,Civic,2022,MUV,moderate,19542
images/1105.jpeg,Maruti,Baleno,2007,MUV,minor,8690
images/1106.jpeg,Honda,WR-V,2012,MUV,minor,9770
images/1107.jpeg,Toyota,Camry,2013,Hatchback,severe,77332
images/1108.jpeg,Maruti,Dzire,2013,SUV,minor,7878
images/1109.jpeg,Maruti,Dzire,2023,Hatchback,moderate,15415
images/1110.jpeg,Hyundai,Verna,2023,Premium,minor,9001
images/1111.jpeg,Hyundai,Verna,2006,Hatchback,moderate,10822
images/1112.jpeg,Toyota,Camry,2011,Hatchback,severe,50432
images/1113.jpeg,Toyota,Fortuner,2019,SUV,severe,96142
images/1114.jpeg,Maruti,Dzire,2006,Electric,severe,94389
images/1115.jpeg,Maruti,Swift,2020,Hatchback,severe,31044
images/1116.jpeg,Toyota,Corolla,2010,Hatchback,severe,60609
images/1117.jpeg,Maruti,Dzire,2022,Hatchback,severe,60476
images/1118.jpeg,Honda,WR-V,2009,Hatchback,moderate,12675
images/1119.jpeg,Honda,Civic,2008,Sedan,minor,5773
images/1120.jpeg,Toyota,Camry,2006,Premium,minor,9976
images/1121.jpeg,Mahindra,XUV500,2005,Premium,severe,61064
images/1122.jpeg,Honda,City,2010,SUV,moderate,16913
images/1123.jpeg,Toyota,Corolla,2013,MUV,severe,45656
images/1124.jpeg,Honda,City,2018,MUV,severe,49269
images/1125.jpeg,Mahindra,Scorpio,2007,Premium,minor,6389
images/1126.jpeg,Maruti,Baleno,2022,Hatchback,moderate,13943
images/1127.jpeg,Mahindra,XUV500,2014,Premium,severe,97017
images/1128.jpeg,Tata,Altroz,2020,Premium,moderate,18839
images/1129.jpeg,Honda,Civic,2015,Sedan,severe,91089
images/1130.jpeg,Tata,Altroz,2008,Sedan,minor,4352
images/1131.jpeg,Maruti,Baleno,2015,Sedan,severe,31956
images/1132.jpeg,Mahindra,Thar,2016,MUV,minor,6606
images/1133.jpeg,Tata,Altroz,2022,Sedan,moderate,20048
images/1134.jpeg,Tata,Nexon,2011,Hatchback,severe,85856
images/1135.jpeg,Honda,WR-V,2005,MUV,moderate,28860
images/1136.jpeg,Honda,City,2021,MUV,minor,9465
images/1137.jpeg,Tata,Harrier,2009,SUV,severe,61085
images/1138.jpeg,Toyota,Camry,2019,Premium,severe,56755
images/1139.jpeg,Tata,Harrier,2022,SUV,moderate,23598
images/1140.jpeg,Honda,Civic,2005,MUV,severe,64555
images/1141.jpeg,Hyundai,Creta,2015,Hatchback,severe,35894
images/1142.jpeg,Maruti,Swift,2011,Hatchback,moderate,15884
images/1143.jpeg,Toyota,Fortuner,2023,Electric,minor,5037
images/1144.jpeg,Mahindra,Scorpio,2021,Hatchback,moderate,10809
images/1145.jpeg,Honda,Civic,2010,Premium,moderate,25523
images/1146.jpeg,Tata,Harrier,2016,MUV,severe,47177
images/1147.jpeg,Honda,WR-V,2009,Electric,severe,38408
images/1148.jpeg,Toyota,Corolla,2019,Premium,moderate,26463
images/1149.jpeg,Hyundai,Creta,2015,MUV,minor,9772
images/1150.jpeg,Toyota,Camry,2008,Electric,severe,52264
images/1151.jpeg,Tata,Harrier,2012,Hatchback,severe,54644
images/1152.jpeg,Mahindra,Thar,2011,Premium,severe,46465
images/1153.jpeg,Honda,City,2018,Premium,severe,56490
images/1154.jpeg,Toyota,Corolla,2012,Electric,moderate,16348
images/1155.jpeg,Honda,WR-V,2005,Electric,minor,2788
images/1156.jpeg,Tata,Altroz,2022,MUV,minor,4855
images/1157.jpeg,Toyota,Corolla,2021,Sedan,minor,5371
images/1158.jpeg,Maruti,Swift,2019,MUV,severe,53802
images/1159.jpeg,Tata,Harrier,2020,SUV,minor,3654
images/1160.jpeg,Mahindra,Scorpio,2020,MUV,moderate,28039
images/1161.jpeg,Toyota,Fortuner,2015,SUV,severe,31643
images/1162.jpeg,Tata,Nexon,2018,SUV,minor,4112
images/1163.jpeg,Maruti,Dzire,2013,Electric,severe,67875
images/1164.jpeg,Tata,Nexon,2020,Electric,moderate,24918
images/1165.jpeg,Maruti,Baleno,2016,Sedan,moderate,23341
images/1166.jpeg,Honda,WR-V,2009,Electric,moderate,24279
images/1167.jpeg,Hyundai,i20,2006,SUV,moderate,13715
images/1168.jpeg,Tata,Harrier,2022,Hatchback,minor,6751
images/1169.jpeg,Toyota,Corolla,2021,Premium,minor,5368
images/1170.jpeg,Mahindra,Scorpio,2016,Hatchback,severe,69705
images/1171.jpeg,Tata,Nexon,2011,MUV,minor,7802
images/1172.jpeg,Honda,WR-V,2005,Electric,moderate,23667
images/1173.jpeg,Maruti,Swift,2016,MUV,minor,6080
images/1174.jpeg,Tata,Nexon,2014,Sedan,severe,42077
images/1175.jpeg,Mahindra,Thar,2008,Sedan,minor,5187
images/1176.jpeg,Hyundai,i20,2020,Electric,minor,4624
images/1177.jpeg,Hyundai,Verna,2023,Electric,severe,91052
images/1178.jpeg,Mahindra,Scorpio,2006,Sedan,severe,68772
images/1179.jpeg,Honda,Civic,2005,Sedan,severe,89044
images/1180.jpeg,Hyundai,Creta,2008,SUV,minor,9342
images/1181.jpeg,Maruti,Dzire,2018,Sedan,severe,64407
images/1182.jpeg,Maruti,Swift,2009,Sedan,severe,96449
images/1183.jpeg,Maruti,Baleno,2015,Sedan,moderate,28325
images/1184.jpeg,Toyota,Camry,2022,Electric,moderate,13561
images/1185.jpeg,Maruti,Baleno,2009,Premium,moderate,24002
images/1186.jpeg,Maruti,Dzire,2023,Electric,severe,59452
images/1187.jpeg,Mahindra,Thar,2008,SUV,moderate,13911
images/1188.jpeg,Honda,WR-V,2005,Sedan,minor,3496
images/1189.jpeg,Honda,City,2006,Hatchback,moderate,13354
images/1190.jpeg,Maruti,Baleno,2012,MUV,severe,51980
images/1191.jpeg,Maruti,Baleno,2018,Hatchback,severe,93634
images/1192.jpeg,Hyundai,Creta,2010,Electric,moderate,12052
images/1193.jpeg,Mahindra,Scorpio,2021,Premium,minor,8384
images/1194.jpeg,Tata,Nexon,2022,Electric,minor,6842
images/1195.jpeg,Toyota,Camry,2017,MUV,minor,2119
images/1196.jpeg,Tata,Harrier,2006,Premium,minor,4107
images/1197.jpeg,Honda,WR-V,2022,SUV,moderate,21457
images/1198.jpeg,Tata,Altroz,2013,Premium,moderate,25674
images/1199.jpeg,Tata,Nexon,2014,Electric,minor,6480
images/1200.jpeg,Maruti,Swift,2013,Hatchback,minor,8743
images/1201.jpeg,Mahindra,Thar,2015,MUV,minor,5557
images/1202.jpeg,Hyundai,Creta,2013,Sedan,moderate,21792
images/1203.jpeg,Toyota,Camry,2014,MUV,minor,7497
images/1204.jpeg,Tata,Harrier,2005,MUV,severe,87794
images/1205.jpeg,Honda,WR-V,2018,Electric,severe,48888
images/1206.jpeg,Tata,Altroz,2009,MUV,minor,6609
images/1207.jpeg,Honda,WR-V,2007,Electric,minor,2761
images/1208.jpeg,Mahindra,Scorpio,2006,Hatchback,severe,41503
images/1209.jpeg,Hyundai,i20,2009,SUV,severe,87926
images/1210.jpeg,Mahindra,XUV500,2010,Premium,minor,4624
images/1211.jpeg,Mahindra,XUV500,2022,Hatchback,moderate,11239
images/1212.jpeg,Hyundai,Verna,2009,Hatchback,severe,92779
images/1213.jpeg,Hyundai,Creta,2022,MUV,moderate,28032
images/1214.jpeg,Hyundai,Verna,2021,MUV,severe,92489
images/1215.jpeg,Honda,City,2005,Hatchback,minor,9737
images/1216.jpeg,Mahindra,Scorpio,2014,Sedan,severe,44518
images/1217.jpeg,Mahindra,Scorpio,2014,Hatchback,minor,8052
images/1218.jpeg,Mahindra,Scorpio,2018,Hatchback,severe,87333
images/1219.jpeg,Tata,Harrier,2021,Electric,minor,5851
images/1220.jpeg,Hyundai,Creta,2019,Electric,moderate,19024
images/1221.jpeg,Tata,Harrier,2008,Premium,minor,8272
images/1222.jpeg,Mahindra,XUV500,2016,Sedan,severe,95053
images/1223.jpeg,Tata,Harrier,2005,Hatchback,minor,4139
images/1224.jpeg,Mahindra,Scorpio,2010,Sedan,severe,39375
images/1225.jpeg,Maruti,Dzire,2017,Sedan,minor,2250
images/1226.jpeg,Hyundai,i20,2019,Sedan,moderate,15825
images/1227.jpeg,Honda,Civic,2006,Electric,severe,45408
images/1228.jpeg,Tata,Nexon,2020,Sedan,minor,7059
images/1229.jpeg,Tata,Nexon,2015,Hatchback,minor,6878
images/1230.jpeg,Hyundai,i20,2016,Premium,minor,7378
images/1231.jpeg,Honda,Civic,2018,Premium,moderate,15836
images/1232.jpeg,Toyota,Corolla,2005,Premium,moderate,19266
images/1233.jpeg,Hyundai,Verna,2005,SUV,moderate,14904
images/1234.jpeg,Maruti,Swift,2005,SUV,minor,2378
images/1235.jpeg,Toyota,Fortuner,2012,Sedan,moderate,23829
images/1236.jpeg,Honda,City,2015,MUV,severe,81103
images/1237.jpeg,Toyota,Corolla,2021,Hatchback,severe,84825
images/1238.jpeg,Maruti,Dzire,2017,Premium,moderate,15024
images/1239.jpeg,Maruti,Swift,2014,Premium,moderate,23341
images/1240.jpeg,Hyundai,Verna,2005,Electric,severe,30711
images/1241.jpeg,Maruti,Baleno,2014,SUV,severe,76644
images/1242.jpeg,Hyundai,i20,2014,Sedan,severe,36521
images/1243.jpeg,Toyota,Camry,2015,Hatchback,moderate,19160
images/1244.jpeg,Honda,City,2006,MUV,moderate,12229
images/1245.jpeg,Tata,Nexon,2005,Premium,minor,4962
images/1246.jpeg,Tata,Nexon,2006,MUV,moderate,13234
images/1247.jpeg,Tata,Nexon,2014,SUV,severe,78758
images/1248.jpeg,Toyota,Corolla,2012,Sedan,severe,43699
images/1249.jpeg,Tata,Nexon,2020,Sedan,severe,59690
images/1250.jpeg,Mahindra,XUV500,2014,Hatchback,severe,77285
images/1251.jpeg,Toyota,Camry,2009,Premium,moderate,17797
images/1252.jpeg,Maruti,Dzire,2015,Sedan,severe,39873
images/1253.jpeg,Hyundai,Verna,2016,SUV,minor,8911
images/1254.jpeg,Honda,WR-V,2007,Electric,minor,2216
images/1255.jpeg,Hyundai,i20,2007,Sedan,severe,49421
images/1256.jpeg,Mahindra,XUV500,2014,Electric,moderate,12094
images/1257.jpeg,Tata,Altroz,2012,Premium,minor,9011
images/1258.jpeg,Hyundai,i20,2016,SUV,moderate,13058
images/1259.jpeg,Hyundai,Verna,2018,SUV,minor,4759
images/1260.jpeg,Mahindra,XUV500,2023,SUV,severe,58770
images/1261.jpeg,Mahindra,Thar,2012,SUV,severe,71792
images/1262.jpeg,Maruti,Baleno,2022,Premium,moderate,15003
images/1263.jpeg,Maruti,Dzire,2011,Sedan,minor,5436
images/1264.jpeg,Mahindra,Thar,2018,MUV,minor,9787
images/1265.jpeg,Mahindra,XUV500,2007,MUV,moderate,15410
images/1266.jpeg,Maruti,Dzire,2014,Sedan,moderate,29167
images/1267.jpeg,Hyundai,Creta,2012,Premium,moderate,24296
images/1268.jpeg,Honda,City,2013,Premium,minor,9493
images/1269.jpeg,Mahindra,Scorpio,2011,Premium,minor,4944
images/1270.jpeg,Toyota,Corolla,2009,Sedan,minor,9650
images/1271.jpeg,Toyota,Fortuner,2016,Hatchback,severe,33402
images/1272.jpeg,Hyundai,Creta,2009,Premium,minor,6531
images/1273.jpeg,Mahindra,Scorpio,2012,Electric,minor,8838
images/1274.jpeg,Maruti,Baleno,2022,MUV,severe,41941
images/1275.jpeg,Mahindra,Thar,2018,Electric,moderate,15306
images/1276.jpeg,Tata,Nexon,2016,MUV,moderate,16071
images/1277.jpeg,Honda,City,2018,Hatchback,severe,85340
images/1278.jpeg,Hyundai,Creta,2022,Premium,minor,5572
images/1279.jpeg,Tata,Nexon,2005,Electric,moderate,17182
images/1280.jpeg,Toyota,Camry,2017,Hatchback,moderate,10937
images/1281.jpeg,Mahindra,Thar,2009,SUV,severe,63058
images/1282.jpeg,Hyundai,Creta,2007,MUV,moderate,18025
images/1283.jpeg,Hyundai,Creta,2005,MUV,minor,5225
images/1284.jpeg,Maruti,Swift,2020,MUV,severe,61574
images/1285.jpeg,Toyota,Camry,2013,MUV,minor,6538
images/1286.jpeg,Honda,WR-V,2023,Premium,moderate,10309
images/1287.jpeg,Maruti,Baleno,2020,Sedan,moderate,19122
images/1288.jpeg,Maruti,Baleno,2006,Electric,severe,36163
images/1289.jpeg,Honda,Civic,2019,Hatchback,severe,30802
images/1290.jpeg,Toyota,Camry,2023,SUV,moderate,23078
images/1291.jpeg,Tata,Altroz,2023,Premium,minor,9727
images/1292.jpeg,Toyota,Camry,2015,Premium,moderate,22580
images/1293.jpeg,Mahindra,Thar,2016,SUV,severe,73707
images/1294.jpeg,Hyundai,Creta,2011,Hatchback,moderate,17533
images/1295.jpeg,Tata,Harrier,2005,SUV,severe,34752
images/1296.jpeg,Honda,Civic,2007,Electric,severe,73140
images/1297.jpeg,Maruti,Baleno,2020,Premium,severe,30600
images/1298.jpeg,Toyota,Fortuner,2021,Hatchback,minor,5733
images/1299.jpeg,Toyota,Camry,2008,MUV,severe,66854
images/1300.jpeg,Tata,Altroz,2007,Hatchback,moderate,12836
images/1301.jpeg,Hyundai,Verna,2014,Sedan,moderate,24660
images/1302.jpeg,Mahindra,XUV500,2019,Electric,minor,9611
images/1303.jpeg,Honda,City,2012,Sedan,minor,7955
images/1304.jpeg,Honda,Civic,2022,Electric,moderate,29096
images/1305.jpeg,Maruti,Dzire,2023,MUV,severe,64291
images/1306.jpeg,Tata,Altroz,2017,MUV,minor,8403
images/1307.jpeg,Toyota,Corolla,2020,SUV,minor,3906
images/1308.jpeg,Mahindra,Scorpio,2020,Hatchback,minor,8705
images/1309.jpeg,Honda,WR-V,2007,MUV,severe,56948
images/1310.jpeg,Maruti,Dzire,2014,MUV,moderate,10078
images/1311.jpeg,Maruti,Dzire,2019,Electric,minor,6024
images/1312.jpeg,Toyota,Corolla,2022,Hatchback,moderate,17831
images/1313.jpeg,Toyota,Camry,2010,Premium,severe,91546
images/1314.jpeg,Toyota,Fortuner,2012,Premium,severe,55603
images/1315.jpeg,Tata,Nexon,2007,Sedan,severe,80152
images/1316.jpeg,Honda,WR-V,2018,Hatchback,minor,6000
images/1317.jpeg,Tata,Nexon,2006,Sedan,minor,6442
images/1318.jpeg,Honda,WR-V,2015,Hatchback,minor,2756
images/1319.jpeg,Hyundai,Verna,2005,MUV,moderate,12245
images/1320.jpeg,Maruti,Dzire,2007,Premium,severe,48125
images/1321.jpeg,Mahindra,Scorpio,2016,Premium,minor,2367
images/1322.jpeg,Hyundai,Creta,2023,Premium,moderate,10149
images/1323.jpeg,Honda,Civic,2007,Premium,severe,71245
images/1324.jpeg,Maruti,Dzire,2008,Premium,minor,7890
images/1325.jpeg,Honda,City,2015,Hatchback,moderate,18607
images/1326.jpeg,Honda,Civic,2005,SUV,moderate,16779
images/1327.jpeg,Tata,Harrier,2015,Premium,minor,8369
images/1328.jpeg,Hyundai,Verna,2006,SUV,severe,56601
images/1329.jpeg,Mahindra,Scorpio,2005,MUV,minor,8085
images/1330.jpeg,Mahindra,XUV500,2006,Hatchback,minor,2071
images/1331.jpeg,Hyundai,Creta,2015,Sedan,severe,70234
images/1332.jpeg,Honda,Civic,2012,Electric,moderate,24333
images/1333.jpeg,Maruti,Swift,2019,Sedan,moderate,13314
images/1334.jpeg,Toyota,Fortuner,2017,Electric,severe,54297
images/1335.jpeg,Tata,Altroz,2017,Sedan,moderate,23837
images/1336.jpeg,Tata,Harrier,2009,Hatchback,minor,5946
images/1337.jpeg,Honda,City,2013,SUV,moderate,13637
images/1338.jpeg,Tata,Harrier,2017,Premium,moderate,23022
images/1339.jpeg,Hyundai,Creta,2018,Premium,moderate,13619
images/1340.jpeg,Mahindra,Scorpio,2006,SUV,moderate,14271
images/1341.jpeg,Honda,WR-V,2010,MUV,severe,88757
images/1342.jpeg,Toyota,Camry,2015,Premium,minor,9191
images/1343.jpeg,Hyundai,Creta,2021,Premium,minor,8817
images/1344.jpeg,Toyota,Corolla,2006,Hatchback,severe,42945
images/1345.jpeg,Maruti,Swift,2023,SUV,moderate,14631
images/1346.jpeg,Hyundai,i20,2009,MUV,moderate,23597
images/1347.jpeg,Maruti,Dzire,2023,Electric,minor,6125
images/1348.jpeg,Toyota,Corolla,2008,Hatchback,severe,88355
images/1349.jpeg,Honda,WR-V,2016,Sedan,minor,3075
images/1350.jpeg,Mahindra,Thar,2019,MUV,moderate,18684
images/1351.jpeg,Hyundai,i20,2006,Hatchback,severe,73512
images/1352.jpeg,Hyundai,Verna,2015,Sedan,minor,4791
images/1353.jpeg,Tata,Nexon,2010,Hatchback,moderate,19361
images/1354.jpeg,Toyota,Camry,2013,SUV,severe,71414
images/1355.jpeg,Honda,WR-V,2008,Sedan,minor,3011
images/1356.jpeg,Honda,City,2005,MUV,moderate,28316
images/1357.jpeg,Tata,Altroz,2010,SUV,severe,83251
images/1358.jpeg,Mahindra,Thar,2006,Hatchback,moderate,10904
images/1359.jpeg,Maruti,Swift,2010,MUV,moderate,11909
images/1360.jpeg,Hyundai,i20,2019,Sedan,severe,66324
images/1361.jpeg,Hyundai,Creta,2013,Sedan,moderate,22822
images/1362.jpeg,Honda,City,2009,Hatchback,minor,5495
images/1363.jpeg,Tata,Nexon,2013,SUV,moderate,18525
images/1364.jpeg,Toyota,Fortuner,2005,SUV,minor,2674
images/1365.jpeg,Honda,WR-V,2022,Premium,moderate,28434
images/1366.jpeg,Hyundai,Verna,2017,Hatchback,minor,5381
images/1367.jpeg,Maruti,Baleno,2016,Premium,severe,68560
images/1368.jpeg,Mahindra,XUV500,2015,Hatchback,severe,84606
images/1369.jpeg,Hyundai,Creta,2023,SUV,severe,93521
images/1370.jpeg,Mahindra,XUV500,2022,Electric,minor,7379
images/1371.jpeg,Honda,Civic,2010,Premium,minor,5069
images/1372.jpeg,Toyota,Corolla,2019,Premium,severe,70879
images/1373.jpeg,Hyundai,Creta,2019,Premium,minor,8442
images/1374.jpeg,Hyundai,Creta,2023,SUV,minor,8378
images/1375.jpeg,Mahindra,XUV500,2013,MUV,severe,41650
images/1376.jpeg,Honda,WR-V,2018,Premium,minor,8257
images/1377.jpeg,Hyundai,Verna,2010,MUV,severe,60638
images/1378.jpeg,Toyota,Corolla,2014,Electric,minor,2717
images/1379.jpeg,Toyota,Corolla,2008,MUV,severe,72296
images/1380.jpeg,Maruti,Dzire,2017,Hatchback,minor,9115
images/1381.jpeg,Honda,City,2010,Hatchback,minor,9837
images/1382.jpeg,Maruti,Baleno,2009,Hatchback,moderate,28828
images/1383.jpeg,Tata,Altroz,2009,Electric,moderate,25771
images/1384.jpeg,Tata,Harrier,2008,Sedan,severe,33101
images/1385.jpeg,Mahindra,Scorpio,2013,Electric,moderate,19413
images/1386.jpeg,Hyundai,Verna,2019,Electric,severe,97520
images/1387.jpeg,Toyota,Fortuner,2005,Electric,severe,74050
images/1388.jpeg,Toyota,Corolla,2014,SUV,moderate,26768
images/1389.jpeg,Tata,Harrier,2020,Premium,severe,43222
images/1390.jpeg,Hyundai,Creta,2011,MUV,minor,5583
images/1391.jpeg,Mahindra,XUV500,2022,Hatchback,severe,67546
images/1392.jpeg,Hyundai,i20,2014,Sedan,minor,7420
images/1393.jpeg,Mahindra,Thar,2021,SUV,minor,7172
images/1394.jpeg,Toyota,Fortuner,2013,Premium,minor,2198
images/1395.jpeg,Honda,City,2013,Premium,severe,73922
images/1396.jpeg,Honda,City,2007,Hatchback,minor,2820
images/1397.jpeg,Hyundai,Verna,2008,Hatchback,moderate,29407
images/1398.jpeg,Toyota,Fortuner,2005,SUV,severe,86069
images/1399.jpeg,Honda,WR-V,2023,Electric,moderate,18236
images/1400.jpeg,Tata,Nexon,2013,Premium,minor,5267
images/1401.jpeg,Tata,Nexon,2007,SUV,severe,41224
images/1402.jpeg,Toyota,Camry,2011,Electric,minor,4702
images/1403.jpeg,Hyundai,Creta,2020,Electric,moderate,13332
images/1404.jpeg,Mahindra,XUV500,2022,Hatchback,severe,34025
images/1405.jpeg,Toyota,Fortuner,2020,Sedan,severe,71521
images/1406.jpeg,Hyundai,Verna,2011,Sedan,severe,70330
images/1407.jpeg,Hyundai,Creta,2020,Premium,moderate,19824
images/1408.jpeg,Honda,City,2020,Sedan,minor,2042
images/1409.jpeg,Hyundai,i20,2005,Premium,severe,69349
images/1410.jpeg,Mahindra,Scorpio,2005,Sedan,minor,6995
images/1411.jpeg,Hyundai,i20,2013,MUV,severe,79695
images/1412.jpeg,Toyota,Fortuner,2012,Sedan,moderate,13014
images/1413.jpeg,Honda,City,2015,Hatchback,minor,3810
images/1414.jpeg,Honda,WR-V,2007,SUV,moderate,19005
images/1415.jpeg,Tata,Harrier,2011,Electric,moderate,14469
images/1416.jpeg,Maruti,Baleno,2008,Electric,severe,87591
images/1417.jpeg,Toyota,Corolla,2005,MUV,minor,7157
images/1418.jpeg,Toyota,Fortuner,2007,Electric,severe,48129
images/1419.jpeg,Maruti,Dzire,2010,Hatchback,moderate,28727
images/1420.jpeg,Maruti,Swift,2010,MUV,severe,62886
images/1421.jpeg,Hyundai,Creta,2016,Premium,moderate,16705
images/1422.jpeg,Hyundai,i20,2015,SUV,severe,30733
images/1423.jpeg,Hyundai,i20,2012,Premium,severe,91622
images/1424.jpeg,Toyota,Camry,2019,Hatchback,minor,4725
images/1425.jpeg,Mahindra,Thar,2022,SUV,moderate,20597
images/1426.jpeg,Honda,WR-V,2005,Electric,moderate,23210
images/1427.jpeg,Toyota,Camry,2013,SUV,moderate,14433
images/1428.jpeg,Mahindra,Scorpio,2023,Electric,moderate,20445
images/1429.jpeg,Toyota,Corolla,2015,MUV,severe,59941
images/1430.jpeg,Hyundai,Verna,2021,MUV,minor,2611
images/1431.jpeg,Toyota,Corolla,2022,Premium,minor,5749
images/1432.jpeg,Honda,City,2022,MUV,minor,4427
images/1433.jpeg,Hyundai,Verna,2013,MUV,moderate,24465
images/1434.jpeg,Honda,Civic,2012,Sedan,severe,74537
images/1435.jpeg,Toyota,Camry,2009,Premium,moderate,26886
images/1436.jpeg,Mahindra,Scorpio,2010,Sedan,minor,8795
images/1437.jpeg,Tata,Harrier,2019,SUV,minor,3016
images/1438.jpeg,Mahindra,XUV500,2005,MUV,moderate,25841
images/1439.jpeg,Maruti,Dzire,2005,Hatchback,minor,8996
images/1440.jpeg,Tata,Nexon,2020,Hatchback,moderate,10135
images/1441.jpeg,Toyota,Fortuner,2006,Premium,minor,7693
images/1442.jpeg,Maruti,Swift,2020,Hatchback,severe,42639
images/1443.jpeg,Mahindra,Scorpio,2019,Hatchback,moderate,16790
images/1444.jpeg,Mahindra,Thar,2016,SUV,moderate,19564
images/1445.jpeg,Mahindra,Scorpio,2012,Hatchback,moderate,17184
images/1446.jpeg,Tata,Nexon,2006,Sedan,moderate,10905
images/1447.jpeg,Maruti,Swift,2005,MUV,minor,5341
images/1448.jpeg,Maruti,Swift,2009,Premium,moderate,16827
images/1449.jpeg,Maruti,Swift,2020,SUV,moderate,22342
images/1450.jpeg,Hyundai,i20,2011,Electric,moderate,17220
images/1451.jpeg,Tata,Nexon,2014,SUV,moderate,18583
images/1452.jpeg,Maruti,Baleno,2017,MUV,severe,75448
images/1453.jpeg,Mahindra,Thar,2017,Hatchback,severe,37642
images/1454.jpeg,Tata,Altroz,2016,Premium,severe,33330
images/1455.jpeg,Hyundai,i20,2005,Premium,minor,8978
images/1456.jpeg,Maruti,Baleno,2009,MUV,minor,3049
images/1457.jpeg,Toyota,Fortuner,2023,MUV,minor,6243
images/1458.jpeg,Tata,Altroz,2015,MUV,moderate,19869
images/1459.jpeg,Toyota,Fortuner,2007,Hatchback,moderate,26224
images/1460.jpeg,Maruti,Dzire,2010,Sedan,minor,7006
images/1461.jpeg,Honda,City,2012,Hatchback,severe,68975
images/1462.jpeg,Tata,Nexon,2015,MUV,severe,34630
images/1463.jpeg,Honda,City,2010,Premium,severe,61204
images/1464.jpeg,Tata,Harrier,2013,Hatchback,moderate,10202
images/1465.jpeg,Mahindra,Scorpio,2017,SUV,minor,4449
images/1466.jpeg,Mahindra,Thar,2010,SUV,minor,8914
images/1467.jpeg,Tata,Nexon,2007,Sedan,moderate,21978
images/1468.jpeg,Hyundai,Creta,2005,MUV,minor,8605
images/1469.jpeg,Honda,Civic,2009,Hatchback,moderate,25806
images/1470.jpeg,Mahindra,Thar,2010,SUV,minor,2532
images/1471.jpeg,Maruti,Swift,2009,Electric,moderate,28866
images/1472.jpeg,Toyota,Corolla,2017,Electric,severe,77911
images/1473.jpeg,Hyundai,Creta,2013,SUV,severe,66551
images/1474.jpeg,Mahindra,Scorpio,2008,Sedan,minor,6273
images/1475.jpeg,Hyundai,i20,2023,Electric,minor,4911
images/1476.jpeg,Hyundai,Creta,2008,Premium,minor,6643
images/1477.jpeg,Hyundai,Creta,2005,Premium,minor,8813
images/1478.jpeg,Toyota,Camry,2009,Hatchback,moderate,20344
images/1479.jpeg,Mahindra,Thar,2016,Hatchback,minor,5310
images/1480.jpeg,Honda,City,2005,Premium,severe,57967
images/1481.jpeg,Toyota,Fortuner,2011,MUV,minor,5851
images/1482.jpeg,Honda,City,2023,Hatchback,minor,5600
images/1483.jpeg,Mahindra,Thar,2005,Electric,minor,5450
images/1484.jpeg,Hyundai,i20,2020,Premium,minor,6652
images/1485.jpeg,Hyundai,Creta,2022,Hatchback,minor,8239
images/1486.jpeg,Mahindra,Scorpio,2014,Hatchback,moderate,16454
images/1487.jpeg,Toyota,Corolla,2020,Sedan,severe,89931
images/1488.jpeg,Toyota,Camry,2020,Sedan,moderate,12954
images/1489.jpeg,Toyota,Corolla,2016,Hatchback,severe,48711
images/1490.jpeg,Tata,Nexon,2010,MUV,minor,3177
images/1491.jpeg,Maruti,Swift,2023,Sedan,minor,2632
images/1492.jpeg,Tata,Altroz,2016,MUV,minor,5970
images/1493.jpeg,Hyundai,Creta,2015,Sedan,moderate,27843
images/1494.jpeg,Mahindra,XUV500,2005,Premium,severe,60156
images/1495.jpeg,Mahindra,XUV500,2022,SUV,severe,78240
images/1496.jpeg,Honda,WR-V,2016,SUV,severe,95191
images/1497.jpeg,Hyundai,i20,2022,MUV,minor,2142
images/1498.jpeg,Hyundai,Verna,2010,Premium,moderate,17637
images/1499.jpeg,Hyundai,Creta,2007,SUV,severe,93546
images/1500.jpeg,Maruti,Baleno,2012,MUV,severe,74460